,SP500,London_gold,Barclays_US_bond,s_bm,g_bm,b_bm,ms_return,bm_return
1996-02-29,0.129574571643,0.124702305251,0.745723123105,0.078,0.074,0.848,0.00951874526425,0.00589885807918
1996-03-31,0.111415304768,0.123600346468,0.764984348764,0.087,0.074,0.84,-0.0162878595514,-0.0164067233637
1996-04-30,0.131847093936,0.123971259172,0.744181646892,0.087,0.074,0.839,-0.00486219211251,-0.00490095554104
1996-05-31,0.143499618792,0.142249243649,0.714251137559,0.09,0.075,0.836,0.0018483004999,0.00057570954099
1996-06-30,0.148978378169,0.139919588625,0.711102033206,0.094,0.075,0.831,-0.00210238566697,-0.00169529752624
1996-07-31,0.150921922976,0.137250751987,0.711827325037,0.093,0.075,0.832,0.000274353283492,0.00373914015898
1996-08-31,0.114798896322,0.139185039927,0.746016063751,0.089,0.079,0.832,0.0169178884263,0.016961034654
1996-09-30,0.139380187024,0.137552569283,0.723067243693,0.092,0.083,0.825,-0.00133432536297,-0.00192302786201
1996-10-31,0.155028690397,0.158385372057,0.686585937546,0.095,0.08,0.825,0.0189820666777,0.0198634243109
1996-11-30,0.153126437567,0.152234804482,0.694638757951,0.1,0.077,0.823,0.0201937099872,0.0206881921684
1996-12-31,0.145551498617,0.149323800076,0.705124701306,0.104,0.076,0.82,-0.00167258402284,-0.000208268602557
1997-01-31,0.172901213796,0.142402896936,0.684695889267,0.103,0.074,0.822,-0.00337564232944,-0.00367946037094
1997-02-28,0.171869514385,0.110013242853,0.718117242762,0.115,0.072,0.813,0.0137355501439,0.0134155813104
1997-03-31,0.174662142053,0.122401693822,0.702936164126,0.121,0.068,0.811,-0.00435996336941,-0.00580532374531
1997-04-30,0.185654242362,0.118874201574,0.695471556063,0.124,0.067,0.809,-0.0116193167766,-0.00849484089009
1997-05-31,0.135098453682,0.122554631157,0.74234691516,0.12,0.068,0.813,0.0228652822639,0.0226218594445
1997-06-30,0.0729258377016,0.126852537459,0.800221624839,0.128,0.068,0.804,0.0146147360297,0.0180811321978
1997-07-31,0.12896577767,0.125035966494,0.745998255837,0.129,0.068,0.804,0.0141319913275,0.0180193061391
1997-08-31,0.144693649624,0.113352517872,0.741953832504,0.135,0.065,0.801,0.00185443561618,0.0018874394461
1997-09-30,0.207887632628,0.0160424054136,0.776069961958,0.138,0.065,0.797,0.00915065710553,0.0084531054001
1997-10-31,0.260441317864,2.16840434497e-19,0.739558682136,0.139,0.062,0.799,0.0127767469243,0.0121851990453
1997-11-30,0.258598886745,0.000851103599835,0.740550009655,0.146,0.058,0.796,0.0039946044107,0.00260399976385
1997-12-31,0.217582798892,0.0367812429125,0.745635958195,0.142,0.056,0.802,0.00979104086375,0.00723765996632
1998-01-31,0.256670009988,0.0754117371731,0.667918252839,0.144,0.052,0.805,0.0106047076948,0.0127330677442
1998-02-28,0.293586640216,0.0711517381766,0.635261621608,0.153,0.047,0.8,0.0213667320757,0.0121012516737
1998-03-31,0.180652431736,0.081741932155,0.737605636109,0.163,0.046,0.791,0.0102605327628,0.00967211995926
1998-04-30,0.173395596966,0.0847776497967,0.741826753238,0.166,0.046,0.789,0.0136160738534,0.0119807030007
1998-05-31,0.249978304996,0.0813781082664,0.668643586737,0.159,0.05,0.791,-0.000644666998433,0.00124314830068
1998-06-30,0.261230698878,0.0725869567435,0.666182344378,0.158,0.044,0.798,0.00568681763502,0.00768486508392
1998-07-31,0.298669108625,0.0655036519114,0.635827239464,0.16,0.043,0.797,0.0168025120249,0.0116606457136
1998-08-31,0.258648142523,0.0699086158703,0.671443241606,0.161,0.041,0.798,-0.0133286844569,-0.00497354209519
1998-09-30,0.00836332614996,0.0650173626081,0.926619311242,0.149,0.039,0.812,0.0165960900412,0.00641473740533
1998-10-31,1.24410427708e-18,0.0496204207655,0.950379579235,0.142,0.037,0.821,0.0116798096049,0.0118051776251
1998-11-30,0.117404606872,0.0586626201696,0.823932772958,0.161,0.026,0.813,0.00672097046766,0.0117624722084
1998-12-31,0.0212079170556,0.048603448133,0.930188634811,0.169,0.035,0.796,0.0119466967284,0.0159080166887
1999-01-31,0.102629510842,0.0451369151487,0.852233574009,0.17,0.025,0.804,0.00579883605693,0.00943241061227
1999-02-28,0.107042883771,0.0397267525785,0.853230363651,0.174,0.024,0.802,-0.00416536136456,-0.00404447787433
1999-03-31,0.201541129017,0.0270438759269,0.771414995056,0.181,0.018,0.801,0.00317202587657,0.00253726476909
1999-04-30,0.297588570551,0.0136902981961,0.688721131253,0.181,0.02,0.799,0.0184716663477,0.0144861762859
1999-05-31,0.219666042505,0.0155389720077,0.764794985487,0.184,0.018,0.798,-0.00805516993328,-0.00828675267037
1999-06-30,0.382601535521,0.0,0.617398464479,0.192,0.011,0.797,-0.0102741801073,-0.011989260001
1999-07-31,0.384852988694,0.0,0.615147011306,0.192,0.009,0.799,0.0219753768214,0.0147496146166
1999-08-31,0.291546371116,0.0,0.708453628884,0.196,0.003,0.801,-0.0159980332231,-0.0129144371367
1999-09-30,0.157206445774,0.000267783452003,0.842525770774,0.185,0.001,0.814,0.0051401788453,0.00475268809303
1999-10-31,0.225993364842,0.0,0.774006635158,0.182,0.0,0.818,-0.00475718082116,-0.00416855567049
1999-11-30,0.238197052092,0.0401324337614,0.721670514147,0.181,0.0,0.819,0.0239959356318,0.0234480472419
1999-12-31,0.0952145040277,0.0365633499429,0.868222146029,0.184,0.0,0.816,-0.001855297995,0.00157532569236
2000-01-31,0.173292300503,0.00188343961486,0.824824259883,0.185,0.0,0.815,-0.00702181819111,-0.00694022375184
2000-02-29,0.256060072954,3.03576608296e-18,0.743939927046,0.171,0.0,0.829,-0.00120347037953,0.00148132095715
2000-03-31,0.191956357615,0.0,0.808043642385,0.151,0.0,0.849,0.0166853898967,0.0155845377449
2000-04-30,0.265903985969,0.000666041398026,0.733429972633,0.171,0.0,0.829,0.0125000886655,0.0122699200071
2000-05-31,0.291660043832,3.52365706058e-18,0.708339956168,0.152,0.0,0.848,-0.0213997892308,-0.0192860626492
2000-06-30,0.19044405418,2.57633541237e-17,0.80955594582,0.148,0.0,0.852,0.0263289465468,0.0260118473074
2000-07-31,0.220855796104,0.0,0.779144203896,0.148,0.0,0.852,0.0100782294178,0.0103142784045
2000-08-31,0.255699522848,0.0,0.744300477152,0.134,0.0,0.866,0.011631184162,0.0122948131443
2000-09-30,0.253198575642,2.07556953395e-17,0.746801424358,0.123,0.0,0.877,0.00262259890027,0.00497140043912
2000-10-31,0.252344889529,0.0,0.747655110471,0.116,0.0,0.884,-0.00693188833779,0.00155235602557
2000-11-30,0.042380521546,0.0,0.957619478454,0.104,0.0,0.896,0.00636668325558,0.00528364649587
2000-12-31,0.0635444568315,0.0,0.936455543168,0.091,0.0,0.909,0.0195657486969,0.0180693398765
2001-01-31,0.0459500270691,0.0,0.954049972931,0.091,0.0,0.909,0.0155609082381,0.0149633135519
2001-02-28,0.134824367028,6.34122745632e-17,0.865175632972,0.097,0.0,0.903,0.00306862728542,0.00418072280292
2001-03-31,0.121219424127,0.0,0.878780575873,0.087,0.0,0.913,-4.90861088489e-05,0.00352466557405
2001-04-30,0.0,0.0,1.0,0.074,0.0,0.926,-0.000827893953736,-0.000484439145112
2001-05-31,0.0129078143159,1.11537298494e-17,0.987092185684,0.072,0.0,0.928,0.00187036759132,0.00579792261976
2001-06-30,3.46944695195e-18,1.17093834628e-17,1.0,0.079,0.0,0.921,0.0108829225807,0.00803477539336
2001-07-31,4.0061722633e-18,0.0,1.0,0.077,0.0,0.923,0.00747977362989,0.00477397694152
2001-08-31,6.00925839495e-18,0.0,1.0,0.07,0.0,0.93,0.0140771721798,0.0115821348368
2001-09-30,0.0127927332341,1.76724954115e-17,0.987207266766,0.074,0.0,0.926,0.0102811862872,0.0026028663466
2001-10-31,8.0123445266e-18,6.93889390391e-18,1.0,0.068,0.0,0.932,0.01465424461,0.0157791440022
2001-11-30,0.0,0.0,1.0,0.068,0.0,0.932,0.00342221249643,0.00653620475403
2001-12-31,0.00454432571637,0.0,0.995455674284,0.064,0.0,0.936,-0.0127954297947,-0.0112678462901
2002-01-31,0.0572954096783,5.61616725347e-17,0.942704590322,0.066,0.0,0.934,0.0094119864907,0.00928887179419
2002-02-28,0.101763314729,3.5344990823e-17,0.898236685271,0.067,0.0,0.933,0.00274576677782,0.0041940821858
2002-03-31,0.0697712351777,0.0179277701991,0.912300994623,0.068,0.0,0.932,-0.00583148607622,-0.00604236725143
2002-04-30,0.0677230961582,1.04828797552e-17,0.932276903842,0.077,0.0,0.923,0.00706931087996,0.00662466438616
2002-05-31,0.0285566507387,2.16840434497e-19,0.971443349261,0.072,0.0,0.928,0.00631580053462,0.00483087451289
2002-06-30,0.0367199077611,0.0314204838198,0.931859608419,0.073,0.0,0.927,0.0117593124512,0.00862197695329
2002-07-31,0.0,0.012698463365,0.987301536635,0.068,0.002,0.931,0.00975687844603,0.00221426409037
2002-08-31,0.0,0.0,1.0,0.055,0.001,0.944,0.0132971699346,0.0129838622343
2002-09-30,0.00426803652929,2.98155597434e-18,0.995731963471,0.059,0.016,0.925,0.0160977091702,0.0128214543872
2002-10-31,0.0,0.0019570422815,0.998042957718,0.055,0.017,0.927,-0.0027323209208,-0.00345110885503
2002-11-30,2.16840434497e-18,6.17995238317e-18,1.0,0.058,0.025,0.918,0.00654295006528,0.0100391088301
2002-12-31,0.0,0.0,1.0,0.06,0.025,0.915,0.00826460616877,0.00786852316653
2003-01-31,0.0191594239622,0.0459256720875,0.93491490395,0.059,0.027,0.914,0.00989706765962,0.00823670288234
2003-02-28,0.0601901362567,0.0779988938364,0.861810969907,0.055,0.022,0.923,0.00494126587339,0.00533017630802
2003-03-31,5.72757440769e-18,0.0493610163901,0.95063898361,0.051,0.027,0.922,0.00284618897913,0.00439186209543
2003-04-30,0.0170732240038,0.0736520605056,0.909274715491,0.048,0.023,0.929,-0.000367114561242,0.00324832090713
2003-05-31,0.0243296049046,0.0691847409403,0.906485654155,0.052,0.021,0.927,0.0253363439002,0.0231858541408
2003-06-30,0.0290733417162,0.0704136512553,0.900513007029,0.052,0.017,0.931,0.010814067807,0.0121517873591
2003-07-31,0.0250802704899,0.0595284485848,0.915391280925,0.052,0.022,0.927,-0.0169856575496,-0.0164178398547
2003-08-31,0.0563609970509,0.0111811115243,0.932457891425,0.056,0.016,0.929,-0.0156046637075,-0.0154320872821
2003-09-30,0.0984226745266,0.0527299159322,0.848847409541,0.058,0.024,0.918,0.0173073641243,0.0154039782409
2003-10-31,0.138722985913,0.0882528237806,0.773024190306,0.059,0.028,0.913,0.00589261929988,0.00490752008727
2003-11-30,0.168989235102,0.0836371816485,0.74737358325,0.062,0.034,0.904,0.00705189801411,0.0050549205194
2003-12-31,0.177799156498,0.0853858630687,0.736814980433,0.063,0.033,0.904,0.0136044560816,0.00904743914287
2004-01-31,0.223035319949,0.108098672597,0.668866007453,0.066,0.043,0.891,0.0202385122261,0.0139199671679
2004-02-29,0.190918045261,0.102717875098,0.706364079641,0.069,0.046,0.885,0.00353135739866,0.00487834254517
2004-03-31,0.189850714226,0.0500541183741,0.7600951674,0.072,0.035,0.893,0.00675618325925,0.0104054995508
2004-04-30,0.156528536106,0.0,0.843471463894,0.067,0.035,0.898,-0.0143847409827,-0.0161647156704
2004-05-31,0.193800379575,0.0,0.806199620425,0.07,0.041,0.889,-0.0184688529045,-0.0186161497747
2004-06-30,0.118162754766,0.0629069438771,0.818930301357,0.072,0.026,0.902,0.00748883547281,0.00570468430264
2004-07-31,0.156891677806,0.0631357098743,0.779972612319,0.074,0.03,0.896,0.00886989864605,0.012027719037
2004-08-31,0.108359704059,0.0141496424488,0.877490653492,0.071,0.029,0.901,0.00966881516407,0.010622703351
2004-09-30,0.117386842552,0.0,0.882613157448,0.067,0.029,0.905,0.0123737573889,0.0116506158398
2004-10-31,0.159042660292,1.48671222902e-17,0.840957339708,0.069,0.031,0.901,0.00393326230394,0.00531738996374
2004-11-30,0.176073036711,0.0567143569012,0.767212606388,0.067,0.034,0.899,0.0107725185635,0.00483626812975
2004-12-31,0.198306424968,0.107693102229,0.694000472803,0.073,0.04,0.887,0.00838792866973,0.00520875586395
2005-01-31,0.183529967544,0.0654959930025,0.750974039454,0.074,0.045,0.88,-0.00258343692007,0.000430851865635
2005-02-28,0.181233395586,0.0963308939298,0.722435710484,0.072,0.042,0.887,0.006305804736,0.00544343070516
2005-03-31,0.189404386531,0.0629825151422,0.747613098327,0.069,0.046,0.885,-0.00707232276959,-0.00863681417875
2005-04-30,0.191134450987,0.0707533404409,0.738112208573,0.07,0.05,0.88,-0.000811268537817,0.0035973845686
2005-05-31,0.124973163359,0.0579439437129,0.817082892928,0.068,0.05,0.882,0.00828441808163,0.00828281616304
2005-06-30,0.15854835116,0.0,0.84145164884,0.067,0.046,0.887,0.0109471942944,0.0103766695584
2005-07-31,0.181358979536,4.94667241197e-19,0.818641020464,0.068,0.046,0.886,0.000405763995361,-0.00230220822462
2005-08-31,0.213786233266,4.15791533148e-17,0.786213766734,0.069,0.041,0.89,-1.65472595328e-06,0.000904875599833
2005-09-30,0.213991698371,0.00707643642228,0.778931865207,0.07,0.044,0.885,0.0048887544741,0.00693151868404
2005-10-31,0.217409620596,0.0953230344102,0.687267344994,0.074,0.051,0.875,-0.00956103477887,-0.00864644021215
2005-11-30,0.149527884582,0.103870786317,0.746601329102,0.072,0.056,0.871,0.00553879201023,0.00164393559733
2005-12-31,0.164115693085,0.102501261934,0.733383044981,0.075,0.059,0.866,0.0152626023271,0.0113374968783
2006-01-31,0.215884351907,0.134766417554,0.649349230539,0.076,0.064,0.861,0.0187450189956,0.0132316349084
2006-02-28,0.234073675166,0.138286572084,0.62763975275,0.076,0.062,0.862,-0.000668541061848,-0.00204736472133
2006-03-31,0.22340335184,0.119730498364,0.656866149795,0.076,0.062,0.861,0.00187939431654,-0.000734479161727
2006-04-30,0.222608303759,0.0857946609545,0.691597035286,0.078,0.064,0.859,0.00570398107695,0.00147217093345
2006-05-31,0.251145761454,0.146983805107,0.601870433439,0.079,0.073,0.848,0.0126113626078,0.00646163168906
2006-06-30,0.233944679086,0.164291170366,0.601764150547,0.071,0.077,0.852,-0.0244984988029,-0.00925341261259
2006-07-31,0.141556680035,0.132173094365,0.7262702256,0.067,0.064,0.869,0.0126049114406,0.00886253429428
2006-08-31,0.185208760377,0.136446432537,0.678344807086,0.071,0.066,0.863,0.0138432164388,0.0145471983829
2006-09-30,0.19037297277,0.114421128503,0.695205898727,0.072,0.067,0.861,0.00687297258765,0.00839755856123
2006-10-31,0.199409330337,0.106157821929,0.694432847733,0.079,0.053,0.868,0.00759451269526,0.00509263348261
2006-11-30,0.192064318989,0.0829682931513,0.72496738786,0.08,0.054,0.866,0.0172219793625,0.0148304564756
2006-12-31,0.226808645322,0.125661746421,0.647529608256,0.08,0.058,0.862,0.00929607133839,0.0074370275267
2007-01-31,0.221314707643,0.110064649251,0.668620643106,0.083,0.058,0.859,-0.000973238163769,-0.00241049365301
2007-02-28,0.228511238964,0.0799264995882,0.691562261448,0.084,0.059,0.857,0.011839201139,0.00956820450408
2007-03-31,0.253914492295,0.128163982043,0.617921525662,0.083,0.062,0.855,-0.00215423998782,0.00559632089526
2007-04-30,0.152929911097,0.0984054832909,0.748664605612,0.078,0.057,0.865,0.00956877846281,0.00492364921699
2007-05-31,0.161703364659,0.0900752391814,0.748221396159,0.077,0.043,0.88,0.00423782167641,0.00246848848221
2007-06-30,0.17307823654,0.0596342950729,0.767287468387,0.078,0.042,0.88,-0.00961748407525,-0.0107938779394
2007-07-31,0.195290558862,0.0418941373313,0.762815303806,0.078,0.042,0.879,0.0059452515046,0.00615082309352
2007-08-31,0.204592323289,3.38813178902e-19,0.795407676711,0.075,0.04,0.885,0.00093870350609,0.00765690541531
2007-09-30,0.055350873666,3.68628738645e-18,0.944649126334,0.069,0.037,0.893,0.0139507920508,0.016360449903
2007-10-31,0.108122482286,0.100547305723,0.791330211991,0.068,0.038,0.894,0.0146262452814,0.0104814507171
2007-11-30,0.138680322585,0.103435683721,0.757883993694,0.077,0.042,0.881,0.0104532209558,0.0107482979581
2007-12-31,0.0708043803343,0.109531450838,0.819664168828,0.082,0.042,0.877,0.00403309075977,0.00479785528766
2008-01-31,0.0847010255448,0.0902236103195,0.825075364136,0.08,0.042,0.878,0.020508680108,0.0168062230153
2008-02-29,0.0491016044005,0.112256802852,0.838641592748,0.077,0.042,0.881,0.00130300372031,-0.00221825533203
2008-03-31,0.0556569843358,0.130724095014,0.81361892065,0.075,0.051,0.874,0.00769282743486,0.00339105995749
2008-04-30,0.057798465299,0.144132895612,0.798068639089,0.074,0.045,0.881,-0.00402309967681,0.00297390441008
2008-05-31,0.0652685357277,0.130067823966,0.804663640307,0.075,0.042,0.883,-0.00108956263033,0.0013679949217
2008-06-30,0.059743126087,0.103264253957,0.836992619956,0.076,0.038,0.886,-0.0115010944085,-0.0127690215484
2008-07-31,0.0294022263297,0.0639078740093,0.906689899661,0.07,0.039,0.89,0.00385122089926,-0.000183903678071
2008-08-31,0.0360884178033,0.110157786951,0.853753795246,0.065,0.044,0.891,-0.00797231162794,-0.000148597810451
2008-09-30,0.0497576069409,0.0991397568109,0.851102636248,0.069,0.037,0.894,0.00425169164932,0.00487765513575
2008-10-31,0.0290215826177,0.0847777835784,0.886200633804,0.064,0.036,0.9,-0.0309914684029,-0.0377011584342
2008-11-30,0.0,0.0555235373193,0.944476462681,0.025,0.031,0.944,0.000935627821338,0.000392286103192
2008-12-31,0.0,0.0738458190581,0.926154180942,0.017,0.021,0.963,0.0399436767658,0.0367027696653
2009-01-31,0.0,0.0756971478078,0.924302852192,0.017,0.02,0.963,0.0158332536024,0.0134921831596
2009-02-28,0.0,0.0785126356194,0.921487364381,0.015,0.022,0.963,0.00141080142827,-0.00524456189571
2009-03-31,0.0,0.0903242055899,0.90967579441,0.008,0.034,0.958,-0.000742359016948,-0.000374743511478
2009-04-30,0.0,0.0760354719334,0.923964528067,0.003,0.031,0.966,0.00674775750693,0.00915863535179
2009-05-31,0.0,0.0665018477325,0.933498152268,0.008,0.031,0.962,0.0088528178062,0.00820014240601
2009-06-30,3.97096176489e-17,0.0746585170537,0.925341482946,0.011,0.033,0.956,0.000294625778721,-0.000401063832502
2009-07-31,4.38175091298e-17,0.0678425372983,0.932157462702,0.014,0.035,0.951,0.0151840879783,0.0161234296049
2009-08-31,0.0,0.0521324703091,0.947867529691,0.013,0.034,0.952,0.00984844641981,0.0106127991617
2009-09-30,7.51157299369e-18,0.0388023863283,0.961197613672,0.013,0.037,0.95,0.0161873713942,0.0163874408462
2009-10-31,5.88406551172e-18,0.0792513854374,0.920748614563,0.014,0.039,0.947,0.0101769660407,0.00878848027173
2009-11-30,4.94120660991e-18,0.0897422280768,0.910257771923,0.016,0.041,0.944,0.0133929192999,0.0101689962327
2009-12-31,0.0461028926628,0.100087597327,0.85380951001,0.017,0.042,0.94,0.00232825201286,0.00119447448763
2010-01-31,0.0542713874881,0.0900136486858,0.855714963826,0.018,0.041,0.941,0.00168528326687,0.0021582374014
2010-02-28,0.174152962993,0.0784901029741,0.747356934033,0.02,0.04,0.94,-0.00388073787749,0.00243025240613
2010-03-31,0.0653748644529,0.0473965827667,0.88722855278,0.019,0.036,0.944,0.00926056966397,0.00667114702267
2010-04-30,0.0247331421524,0.0356014639532,0.939665393894,0.021,0.041,0.937,0.00387132800023,0.00387714094433
2010-05-31,0.0300490841013,0.0522790725686,0.91767184333,0.024,0.047,0.928,0.0134790165146,0.0137549904005
2010-06-30,0.0,0.0962757961618,0.903724203838,0.021,0.049,0.93,0.00923219907703,0.00762876107096
2010-07-31,0.0,0.0959453261912,0.904054673809,0.019,0.051,0.93,0.00866911315796,0.010286696091
2010-08-31,6.2596441614e-20,0.0751057912108,0.924894208789,0.018,0.049,0.933,0.0134923723958,0.013361407072
2010-09-30,2.19087545649e-18,0.0487579580116,0.951242041988,0.023,0.042,0.935,0.00538610205361,0.00570215271715
2010-10-31,0.013881494745,0.0985336614403,0.887584843815,0.029,0.047,0.925,0.0133131441811,0.0114379422631
2010-11-30,0.017781782191,0.117194090078,0.865024127731,0.032,0.051,0.917,-0.000455380311412,-0.00165302626719
2010-12-31,0.0805847861349,0.117919112202,0.801496101663,0.034,0.053,0.913,-0.00746563872012,-0.0119638273639
2011-01-31,0.142009124106,0.114055961257,0.743934914636,0.04,0.058,0.902,0.00406355032828,0.00224087699445
2011-02-28,0.180432079579,0.0923447707772,0.727223149643,0.043,0.056,0.901,0.00256141807467,-0.00255873459547
2011-03-31,0.246926549263,0.0617843765687,0.691289074168,0.044,0.058,0.898,0.00610453020034,0.0105526056991
2011-04-30,0.219306606106,0.098603672278,0.682089721616,0.041,0.059,0.901,0.00938915092811,0.00504822111379
2011-05-31,0.265519251235,0.120729659216,0.613751089549,0.042,0.062,0.896,0.0151017119927,0.0171317618277
2011-06-30,0.279346335971,0.117068528012,0.603585136017,0.042,0.063,0.895,-0.00464691366806,0.00580907072608
2011-07-31,0.0875093743505,0.0867751002753,0.825715525374,0.039,0.061,0.9,0.00749615539565,0.00554812622226
2011-08-31,0.159330316238,0.0965308544137,0.744138829348,0.041,0.063,0.896,0.0108170590483,0.0227333120817
2011-09-30,0.0,0.13638075745,0.86361924255,0.041,0.063,0.896,0.00822169331768,0.00747600104867
2011-10-31,0.0,0.125820522466,0.874179477534,0.041,0.065,0.895,-0.0110527599572,-0.00628182777665
2011-11-30,7.41808764896e-18,0.119866218536,0.880133781464,0.043,0.059,0.898,0.0114642666069,0.00969865247002
2011-12-31,0.0552813152596,0.13035465989,0.81436402485,0.044,0.061,0.894,-0.00312255515217,0.000288747153732
2012-01-31,0.137079015893,0.129103760086,0.733817224021,0.045,0.058,0.897,0.0112050605733,0.00769719216874
2012-02-29,0.141198740078,0.114944272162,0.743856987761,0.044,0.059,0.897,0.0155580756966,0.00953846235003
2012-03-31,0.206586471529,0.140834910914,0.652578617557,0.046,0.061,0.893,-0.00183348313685,-0.00375014164684
2012-04-30,0.283546548374,0.136707661614,0.579745790012,0.049,0.06,0.891,0.000923481950766,0.00451616452466
2012-05-31,0.27043537861,0.113655798359,0.615908823031,0.05,0.06,0.891,-0.00860441502361,0.00304987589802
2012-06-30,0.0777982400339,0.0917871198547,0.830414640111,0.047,0.057,0.896,0.00430547327559,0.00470677179873
2012-07-31,0.0996014186248,0.0704512348825,0.829947346493,0.047,0.057,0.896,0.0108731668882,0.0103318288045
2012-08-31,0.172344309281,0.0265381307835,0.801117559935,0.047,0.056,0.896,0.00539474329238,0.00195041058961
2012-09-30,0.220768960706,0.0250408551905,0.754190184104,0.05,0.06,0.891,0.0104720784352,0.00854713284731
2012-10-31,0.3033459144,0.143033984396,0.553620101204,0.052,0.063,0.885,0.000782745183256,0.00285069926784
2012-11-30,0.27515166844,0.124008637987,0.600839693573,0.052,0.063,0.885,-0.00811371755274,1.08136593782e-05
2012-12-31,0.109496212974,0.0883713842648,0.802132402761,0.047,0.063,0.89,1.97089433277e-06,-0.00071322758848
2013-01-31,0.178480100994,0.0633051576639,0.758214741342,0.048,0.062,0.89,0.00391284605635,-0.00187186079035
2013-02-28,0.204904732673,0.0434429219085,0.751652345419,0.052,0.063,0.885,0.00189111550977,-0.00213307370978
2013-03-31,0.249983021821,0.0,0.750016978179,0.053,0.062,0.885,0.00779889168719,0.0014932087072
2013-04-30,0.263540053092,0.0,0.736459946908,0.054,0.06,0.885,0.0107129058133,0.00547468289642
2013-05-31,0.295924589387,0.0797936466802,0.624281763933,0.055,0.055,0.89,0.00604278354828,-0.00492567364116
2013-06-30,0.287747876759,0.0856807127048,0.626571410537,0.058,0.048,0.893,-0.0195192690167,-0.0192260553045
2013-07-31,0.243113881772,0.0872588119268,0.669627306301,0.059,0.044,0.898,-0.00129306778451,-0.00687872719481
2013-08-31,0.302670950754,0.0832353996285,0.614093649617,0.062,0.04,0.898,0.00204964635521,-0.00122744358566
2013-09-30,0.316529286795,0.0964168137991,0.587053899406,0.063,0.045,0.892,0.00311905297648,0.000528737236389
2013-10-31,0.329182791552,0.094002665464,0.576814542984,0.064,0.048,0.888,0.0120591087893,0.0119930015687
2013-11-30,0.333802012162,0.0822339776173,0.583964010221,0.063,0.046,0.891,0.0100929809855,0.00112630701822
2013-12-31,0.326054094091,0.0652730074154,0.608672898493,0.064,0.041,0.895,-0.000741540458509,-0.00407281381496
2014-01-31,0.346196420574,0.0726654155319,0.581138163894,0.065,0.036,0.898,0.00751008232849,0.00643160559502
2014-02-28,0.334211694442,0.0642483720462,0.601539933512,0.065,0.037,0.898,0.00698182704881,0.00909333704768
2014-03-31,0.322823934189,0.088266992737,0.588909073074,0.065,0.039,0.896,0.0117756613976,0.0041272058324
2014-04-30,0.359296841081,0.0903336033366,0.550369555583,0.065,0.038,0.897,0.00048308274066,0.00374229552405
2014-05-31,0.349181592879,0.0718234349684,0.578994972153,0.067,0.035,0.898,0.0103617366877,0.0100184400095
2014-06-30,0.355710988527,0.0452566981202,0.599032313353,0.066,0.033,0.901,0.0107028716482,0.0022378100142
2014-07-31,0.365286120373,0.0,0.634713879627,0.067,0.033,0.9,0.00704372798241,0.00486032728342
2014-08-31,0.381659809861,1.52330405234e-17,0.618340190139,0.068,0.034,0.897,0.00069605617783,0.0039009191625
2014-09-30,0.319046699393,1.84043318779e-17,0.680953300607,0.067,0.034,0.899,0.00357925597021,-0.00284887776813
2014-10-31,0.351707401267,0.0,0.648292598733,0.067,0.028,0.905,-0.00188920826021,0.0083029352928
2014-11-30,0.162225792214,5.87275352327e-17,0.837774207786,0.065,0.027,0.908,0.00847557324757,0.00217376081871
2014-12-31,0.176517033201,0.0,0.823482966799,0.068,0.026,0.906,0.00455325323804,0.00505406258095
2015-01-31,0.256885696788,2.60682859847e-17,0.743114303212,0.07,0.028,0.903,0.00796179108313,0.0136685741556
2015-02-28,0.221518286243,2.16840434497e-18,0.778481713757,0.069,0.029,0.903,0.00457360774308,-9.68116539368e-05
2015-03-31,0.298456970204,0.0,0.701543029796,0.07,0.028,0.902,-0.000649390402131,-0.00164763789177
2015-04-30,0.302157929073,1.14586617105e-17,0.697842070927,0.069,0.025,0.906,0.00742447610123,0.007589861224
2015-05-31,0.316523292473,0.0,0.683476707527,0.069,0.025,0.906,-0.00549367201604,-0.0100100515388
2015-06-30,0.326255219796,3.86247023948e-18,0.673744780204,0.071,0.026,0.904,-0.00716525237954,-0.00777377158986
2015-07-31,0.289399627285,0.0,0.710600372715,0.07,0.025,0.904,0.00123869275042,0.00119919506507
2015-08-31,0.280093642652,0.0,0.719906357348,0.068,0.022,0.91,-0.00249175293997,0.00356091724098
2015-09-30,0.164489839172,7.45660044127e-17,0.835510160828,0.066,0.021,0.913,-0.00767400014376,-0.00274079506605
2015-10-31,0.0,0.0,1.0,0.062,0.021,0.916,0.00702235260418,0.00959923302867
2015-11-30,0.0178570189384,0.0,0.982142981062,0.064,0.023,0.913,-0.00678052163839,-0.00633975905811
2015-12-31,0.104023175027,1.01915004214e-17,0.895976824973,0.066,0.019,0.915,-0.00093111251798,-0.000796194781438
2016-01-31,0.116091568321,3.8810194015e-17,0.883908431679,0.064,0.018,0.918,-0.00204041529028,0.00207430951537
2016-02-29,3.20493781064e-17,0.0,1.0,0.061,0.017,0.922,0.0104965031589,0.0107515642874
2016-03-31,2.03438435246e-18,0.10379219249,0.89620780751,0.058,0.019,0.923,0.00682898366044,0.00675647870294
2016-04-30,0.0,0.109042028013,0.890957971987,0.059,0.021,0.92,0.00933738602607,0.0115839177903
2016-05-31,0.0299693019975,0.0870167775636,0.883013920439,0.059,0.021,0.92,0.00338888770689,0.00235958356106
2016-06-30,0.0670622289471,0.0753167144702,0.857621056583,0.057,0.022,0.921,0.00952418345427,0.00944267517345
2016-07-31,0.128468611605,0.0558826181521,0.815648770243,0.057,0.023,0.921,0.0162438533997,0.013602145369
2016-08-31,0.233581609807,0.110775810663,0.65564257953,0.059,0.024,0.916,0.00367973292786,0.00121064175555
2016-09-30,0.258781834312,0.0821400351441,0.659078130544,0.06,0.025,0.916,-0.0040795881035,-0.00201181519559
2016-10-31,0.20595752778,0.00610731264109,0.787935159579,0.058,0.024,0.918,-0.00421480154453,-0.00431534180893
2016-11-30,0.192491251221,1.30104260698e-18,0.807508748779,0.057,0.021,0.922,-0.011440415564,-0.0152604206723
2016-12-31,0.230960669576,0.0,0.769039330424,0.06,0.021,0.919,-0.00150424194802,-0.011350963005
2017-01-31,0.247643169184,0.0115030260821,0.740853804734,0.063,0.017,0.919,0.00888993884321,0.00790354102142
2017-02-28,0.265716415439,0.0160946788884,0.718188905672,0.061,0.02,0.918,0.00876070627208,0.00446740086106
2017-03-31,0.280165525588,0.0169777541854,0.702856720227,0.062,0.023,0.915,0.00203295903269,-0.00305996037783
