,gold
2004-01-02,0.0016
2004-01-05,0.006296096
2004-01-06,0.02779764
2004-01-07,-0.006522306
2004-01-08,-0.00087535
2004-01-09,-0.008323112
2004-01-12,0.008481315
2004-01-13,-0.00455541
2004-01-14,-0.004664261
2004-01-15,-0.011229001
2004-01-16,-0.026468747
2004-01-17,0.004408928
2004-01-18,0.000182899
2004-01-19,0.003017281
2004-01-20,-0.008021878
2004-01-21,0.008362433
2004-01-29,-0.000729062
2004-01-30,-0.014227086
2004-02-02,-0.001665279
2004-02-03,-0.008247614
2004-02-04,0.000747524
2004-02-05,0.001680672
2004-02-06,-0.002050708
2004-02-09,0.012516346
2004-02-10,0.007472325
2004-02-11,-0.002289168
2004-02-12,0.005965492
2004-02-13,0.002463279
2004-02-16,-0.003640335
2004-02-17,0.00520643
2004-02-18,0.005906406
2004-02-19,-0.009485095
2004-02-20,-0.002371181
2004-02-23,-0.017003382
2004-02-24,0.002510927
2004-02-25,0.005009276
2004-02-26,-0.009322503
2004-02-27,-0.003633653
2004-03-01,-0.000467552
2004-03-02,0.000561325
2004-03-03,-0.018232819
2004-03-04,0.005714286
2004-03-05,0.003787879
2004-03-08,0.008490566
2004-03-09,0.005332086
2004-03-10,-0.005117707
2004-03-11,-0.001028807
2004-03-12,0.002246981
2004-03-15,-0.0052312
2004-03-16,0.002911071
2004-03-17,0.003558052
2004-03-18,0.008676992
2004-03-19,0.008232356
2004-03-22,0.004311927
2004-03-23,0.01306294
2004-03-24,0.000901713
2004-03-25,-0.003693694
2004-03-26,9.04241E-05
2004-03-29,0.007052441
2004-03-30,-0.001077393
2004-03-31,0.008538558
2004-04-01,0.005970947
2004-04-02,0.002391921
2004-04-05,-0.0101635
2004-04-06,-0.008482143
2004-04-07,0.009365151
2004-04-08,0.006155768
2004-04-09,-0.001330023
2004-04-12,0
2004-04-13,-0.005593536
2004-04-14,-0.022678571
2004-04-15,-0.014251781
2004-04-16,0.004355885
2004-04-19,0.007751223
2004-04-20,-0.011354272
2004-04-21,-0.014170603
2004-04-22,-0.004509583
2004-04-23,0.002642507
2004-04-26,-0.001976657
2004-04-27,0.008959728
2004-04-28,0.000186951
2004-04-29,-0.033457944
2004-04-30,0.010829627
2004-05-08,-0.012339774
2004-05-09,0
2004-05-10,-0.013365617
2004-05-11,0.004613723
2004-05-12,-0.000586281
2004-05-13,-0.007430583
2004-05-14,-0.005220646
2004-05-17,0.012872562
2004-05-18,-0.00234627
2004-05-19,0.000489956
2004-05-20,0.000489716
2004-05-21,0.002643172
2004-05-24,0.001659832
2004-05-25,0.005751048
2004-05-26,0.007656523
2004-05-27,0.005289987
2004-05-28,0.0101416
2004-05-31,-0.004262171
2004-06-01,0.003519452
2004-06-02,-0.003033175
2004-06-03,-0.009032135
2004-06-04,-0.0034539
2004-06-07,0.013670935
2004-06-08,-0.001044734
2004-06-09,-0.012264689
2004-06-10,-0.002117624
2004-06-11,-0.005691135
2004-06-14,-0.007275902
2004-06-15,0.000586338
2004-06-16,0.012012892
2004-06-17,-0.007237985
2004-06-18,0.001263731
2004-06-21,0.015533981
2004-06-22,-0.001051625
2004-06-23,0.005742176
2004-06-24,-0.002569226
2004-06-25,0.014882656
2004-06-28,-0.000846024
2004-06-29,-0.004704111
2004-06-30,-0.010208904
2004-07-01,0.002387547
2004-07-02,0.002286585
2004-07-05,0.007604563
2004-07-06,0.001698113
2004-07-07,-0.002919571
2004-07-08,0.002644753
2004-07-09,0.012435233
2004-07-12,0.005024658
2004-07-13,-0.007036386
2004-07-14,0.002237762
2004-07-15,-0.000558191
2004-07-16,-0.000186168
2004-07-19,0.006330882
2004-07-20,-9.25155E-05
2004-07-21,-0.007494449
2004-07-22,-0.005593363
2004-07-23,-0.009093466
2004-07-26,-0.008041627
2004-07-27,0.00066762
2004-07-28,-0.008482653
2004-07-29,0.005863693
2004-07-30,-0.004587156
2004-08-02,0.007872504
2004-08-03,-0.004572299
2004-08-04,0.003444976
2004-08-05,0.003051688
2004-08-06,-0.003042403
2004-08-09,0.010394812
2004-08-10,0.000471921
2004-08-11,-0.001886792
2004-08-12,-0.003308129
2004-08-13,-0.003034614
2004-08-16,0.012460763
2004-08-17,0.004791432
2004-08-18,0.00056101
2004-08-19,0.002710027
2004-08-20,0.004659832
2004-08-23,0.006957328
2004-08-24,-0.006264394
2004-08-25,-0.00398628
2004-08-26,0.004281459
2004-08-27,0.00231696
2004-08-30,-0.004623209
2004-08-31,0.005387831
2004-09-01,0.004157812
2004-09-02,-0.000828119
2004-09-03,-0.003038954
2004-09-06,-0.006558286
2004-09-07,-0.00204556
2004-09-08,-0.006987795
2004-09-09,0.005629574
2004-09-10,-0.000373204
2004-09-13,-0.000373343
2004-09-14,0.005602241
2004-09-15,-0.000835655
2004-09-16,0.000929282
2004-09-17,-0.000835577
2004-09-20,0.001765471
2004-09-21,-0.000185512
2004-09-22,0.006494109
2004-09-23,-0.001106093
2004-09-24,0.003414229
2004-09-27,-0.0022071
2004-09-28,0.003133641
2004-09-29,0.00275634
2004-09-30,-0.00421477
2004-10-08,0.015826279
2004-10-09,0
2004-10-10,0
2004-10-11,0.008695652
2004-10-12,-0.000538793
2004-10-13,-0.009613657
2004-10-14,0.000181439
2004-10-15,0.006258503
2004-10-18,0.000540833
2004-10-19,-0.003873874
2004-10-20,0.007958759
2004-10-21,0.009869897
2004-10-22,-0.001776988
2004-10-25,0.005785492
2004-10-26,0
2004-10-27,0
2004-10-28,-0.002212389
2004-10-29,0.003991131
2004-11-01,0.002650177
2004-11-02,-0.002026432
2004-11-03,-0.009005032
2004-11-04,0.015144766
2004-11-05,-0.001667398
2004-11-08,0.009581575
2004-11-09,-8.70701E-05
2004-11-10,0.006617903
2004-11-11,-0.000865052
2004-11-12,0.000606061
2004-11-15,0.009344986
2004-11-16,-0.004800686
2004-11-17,0.007838746
2004-11-18,0.011196581
2004-11-19,-0.003042854
2004-11-22,0.005765155
2004-11-23,0.001095844
2004-11-24,0.00538902
2004-11-25,0.004187605
2004-11-26,0.00733945
2004-11-29,-0.006458023
2004-11-30,0.004166667
2004-12-01,0.000829876
2004-12-02,0.006633499
2004-12-03,-0.010378913
2004-12-06,0.005660063
2004-12-07,-0.000331071
2004-12-08,-0.010597781
2004-12-09,-0.016066946
2004-12-10,-0.009950672
2004-12-13,8.59033E-05
2004-12-14,0.009706236
2004-12-15,-0.003232667
2004-12-16,0.014764872
2004-12-17,-0.012279226
2004-12-20,0.000510899
2004-12-21,0.004
2004-12-22,-0.000593371
2004-12-23,0.001611535
2004-12-24,-0.000338725
2004-12-27,0.000508259
2004-12-28,0.002116671
2004-12-29,0.000506928
2004-12-30,-0.013595676
2004-12-31,0.010872357
2005-01-04,-0.027184959
2005-01-05,-0.002002263
2005-01-06,-0.00218074
2005-01-07,-0.010490427
2005-01-10,-0.004329004
2005-01-11,0.002661934
2005-01-12,0.002566372
2005-01-13,0.007767676
2005-01-14,-0.004379434
2005-01-17,-0.003255037
2005-01-18,0.001059135
2005-01-19,-0.000352671
2005-01-20,-0.001146587
2005-01-21,-0.000441501
2005-01-24,0.008833922
2005-01-25,-0.001751313
2005-01-26,-0.007368421
2005-01-27,0.004506893
2005-01-28,-0.000967714
2005-01-31,-0.00211342
2005-02-01,-0.001676668
2005-02-02,-0.002386635
2005-02-03,-0.000354421
2005-02-04,-0.008686403
2005-02-16,0.010729614
2005-02-17,0.001680821
2005-02-18,0.005034002
2005-02-21,0.000878735
2005-02-22,0.007550483
2005-02-23,0.009410945
2005-02-24,0.00086326
2005-02-25,-0.002932551
2005-02-28,0.007352941
2005-03-01,-0.002232718
2005-03-02,-0.004733626
2005-03-03,0.005015566
2005-03-04,-0.002925486
2005-03-07,0.003538143
2005-03-08,0.003353685
2005-03-09,0.005313678
2005-03-10,0.004177323
2005-03-11,-0.001273453
2005-03-14,0.002550153
2005-03-15,0.000423944
2005-03-16,-0.001779812
2005-03-17,0.004415011
2005-03-18,-0.004818259
2005-03-21,-0.002293383
2005-03-22,-0.007747318
2005-03-23,-0.000429
2005-03-24,0.000343348
2005-03-25,-0.009353012
2005-03-28,-0.00285838
2005-03-29,-0.000694927
2005-03-30,-0.005128651
2005-03-31,-0.003232853
2005-04-01,0.00631136
2005-04-04,-0.004181185
2005-04-05,-0.006210637
2005-04-06,0.005193205
2005-04-07,0.004028021
2005-04-08,-0.003488575
2005-04-11,0.00288815
2005-04-12,0.003839777
2005-04-13,-0.001999478
2005-04-14,-0.001219512
2005-04-15,-0.00758765
2005-04-18,0.001845505
2005-04-19,0.004122807
2005-04-20,0.007862322
2005-04-21,0.001040132
2005-04-22,0.001125639
2005-04-25,-0.000691922
2005-04-26,0.001644452
2005-04-27,-0.001123304
2005-04-28,-0.004411765
2005-04-29,0.000955774
2005-05-09,-0.011631944
2005-05-10,0.00122958
2005-05-11,0.00254386
2005-05-12,-0.003762359
2005-05-13,-0.007114
2005-05-16,-0.00769571
2005-05-17,0.000445712
2005-05-18,0.001425644
2005-05-19,0.003203132
2005-05-20,-0.002572062
2005-05-23,-0.008358527
2005-05-24,0.00125538
2005-05-25,0.001612037
2005-05-26,8.94134E-05
2005-05-27,0
2005-05-30,-0.002145731
2005-05-31,-0.00313592
2005-06-01,-8.98796E-05
2005-06-02,0.000179775
2005-06-03,0.00970612
2005-06-06,0.003738318
2005-06-07,0.004611155
2005-06-08,-0.002559802
2005-06-09,-0.002212389
2005-06-10,-8.86918E-05
2005-06-13,0.001153096
2005-06-14,0.00283512
2005-06-15,8.8347E-05
2005-06-16,0.004151943
2005-06-17,0.012580276
2005-06-20,0.006081668
2005-06-21,-0.007944732
2005-06-22,0.007747214
2005-06-23,-0.001122916
2005-06-24,0.005793843
2005-06-27,-0.001891497
2005-06-28,-0.001981221
2005-06-29,-0.007854307
2005-06-30,0.004349717
2005-07-01,-0.000606323
2005-07-04,-0.01274051
2005-07-05,-0.001667983
2005-07-06,-0.002813929
2005-07-07,0.002028219
2005-07-08,-0.002552143
2005-07-11,0.001764602
2005-07-12,0.004051436
2005-07-13,-0.001491228
2005-07-14,-0.000790653
2005-07-15,-0.010989977
2005-07-18,0.002400213
2005-07-19,-0.003369989
2005-07-20,-8.89838E-05
2005-07-21,0.005339503
2005-07-22,-0.010091175
2005-07-25,-0.003040329
2005-07-26,-0.002511436
2005-07-27,-0.006114558
2005-07-28,0.005880756
2005-07-29,0.004407267
2005-08-01,0.00626847
2005-08-02,0.001423868
2005-08-03,-0.002043899
2005-08-04,0.007569012
2005-08-05,-0.000353513
2005-08-08,0.000353638
2005-08-09,-0.001767565
2005-08-10,0.001328021
2005-08-11,0.006012378
2005-08-12,0.011161891
2005-08-15,-0.004432855
2005-08-16,-0.001658809
2005-08-17,0.003935286
2005-08-18,-0.006968641
2005-08-19,0.002807018
2005-08-22,-0.001487054
2005-08-23,0.002803329
2005-08-24,-0.00401852
2005-08-25,0.003333041
2005-08-26,-0.00017484
2005-08-29,0.003235114
2005-08-30,-0.006449364
2005-08-31,-0.005263158
2005-09-01,0.002821869
2005-09-02,0.008617657
2005-09-05,0.006102877
2005-09-06,-0.003379549
2005-09-07,0.004782193
2005-09-08,-0.001384562
2005-09-09,0.005112652
2005-09-12,0.000948358
2005-09-13,-0.002067183
2005-09-14,0.000345244
2005-09-15,0.003882657
2005-09-16,0.011516975
2005-09-19,0.003398759
2005-09-20,0.016766873
2005-09-21,0.004414092
2005-09-22,0.014344942
2005-09-23,-0.012261914
2005-09-26,-0.007696764
2005-09-27,0.007089241
2005-09-28,-0.004057971
2005-09-29,0.012805588
2005-09-30,0.000328407
2005-10-10,0.009520683
2005-10-11,0.000731707
2005-10-12,0.004793241
2005-10-13,-0.004851229
2005-10-14,-0.003168671
2005-10-17,-0.000326025
2005-10-18,0.003342845
2005-10-19,-0.006988461
2005-10-20,-0.008919804
2005-10-21,-0.004211048
2005-10-24,0
2005-10-25,0.003648425
2005-10-26,0.014705882
2005-10-27,0.001302719
2005-10-28,-0.002195479
2005-10-31,-0.002444789
2005-11-01,-0.008414345
2005-11-02,-0.006838029
2005-11-03,0.005723766
2005-11-04,-0.007505774
2005-11-07,-0.00606665
2005-11-08,-0.002926421
2005-11-09,0.011320755
2005-11-10,0.005721393
2005-11-11,-0.002390964
2005-11-14,0.009504132
2005-11-15,-0.00523946
2005-11-16,0.005267056
2005-11-17,0.009005321
2005-11-18,0.016957404
2005-11-21,0.003829584
2005-11-22,0.010014306
2005-11-23,0.001573812
2005-11-24,0.004635449
2005-11-25,0.004614061
2005-11-28,0.004203643
2005-11-29,0.003875969
2005-11-30,-0.003861004
2005-12-01,-0.001162791
2005-12-02,0.011874272
2005-12-05,0.01234852
2005-12-06,-0.00068187
2005-12-07,0.011296437
2005-12-08,0.010495539
2005-12-09,0.011202611
2005-12-12,0.023110785
2005-12-13,-0.023377555
2005-12-14,-0.016961598
2005-12-15,-0.016656707
2005-12-16,-0.015343714
2005-12-19,0.021214225
2005-12-20,-0.002870524
2005-12-21,-0.025681818
2005-12-22,0.005676075
2005-12-23,0.014612649
2005-12-26,0.003810104
2005-12-27,0.003643817
2005-12-28,0.004538235
2005-12-29,0.010240193
2005-12-30,-0.004621003
2006-01-04,0.034893298
2006-01-05,-0.002315317
2006-01-06,-0.00783233
2006-01-09,0.026533148
2006-01-10,0.003560239
2006-01-11,0.000922378
2006-01-12,0.00552917
2006-01-13,-0.001762425
2006-01-16,0.014477401
2006-01-17,0.004803341
2006-01-18,-0.016281003
2006-01-19,0.008240017
2006-01-20,0.004889634
2006-01-23,0.001320728
2006-01-24,-0.000347102
2006-01-25,-0.000347222
2006-02-06,0.026745398
2006-02-07,0.000135318
2006-02-08,-0.035651468
2006-02-09,0.014310768
2006-02-10,0.004149665
2006-02-13,-0.022591088
2006-02-14,-0.016136988
2006-02-15,0.015971924
2006-02-16,0.001057455
2006-02-17,-0.003943662
2006-02-20,0.015837104
2006-02-21,-0.001252784
2006-02-22,0.000766551
2006-02-23,-0.00320312
2006-02-24,0.000908138
2006-02-27,0.003350084
2006-02-28,-0.002225932
2006-03-01,0.00927217
2006-03-02,0.005387857
2006-03-03,0.00783236
2006-03-06,0.000749881
2006-03-07,-0.013283379
2006-03-08,-0.01125302
2006-03-09,-0.009565703
2006-03-10,-0.00070497
2006-03-13,-0.002116402
2006-03-14,0.001413927
2006-03-15,0.006847864
2006-03-16,-0.000701164
2006-03-17,0.0065254
2006-03-20,0.003834089
2006-03-21,-0.007291667
2006-03-22,-0.001049318
2006-03-23,-0.006512605
2006-03-24,0.001268767
2006-03-27,0.019148187
2006-03-28,0.006423983
2006-03-29,-0.004941661
2006-03-30,0.019381984
2006-03-31,0.017660194
2006-04-03,-6.64894E-05
2006-04-04,0.004721059
2006-04-05,-0.004632694
2006-04-06,0.01456117
2006-04-07,0.003538895
2006-04-10,0.001110168
2006-04-11,0.011415525
2006-04-12,-0.005804579
2006-04-13,-0.003892313
2006-04-14,0.007749919
2006-04-17,0.010210676
2006-04-18,0.015672979
2006-04-19,0.012092965
2006-04-20,0.031115813
2006-04-21,-0.038203875
2006-04-24,0.021209839
2006-04-25,-0.00454713
2006-04-26,0.00617284
2006-04-27,0.008588957
2006-04-28,-6.08273E-05
2006-05-08,0.068617312
2006-05-09,-0.008424888
2006-05-10,0.039956369
2006-05-11,0.0115374
2006-05-12,0.012497271
2006-05-15,-0.005821161
2006-05-16,-0.050420168
2006-05-17,0.037967456
2006-05-18,-0.02420242
2006-05-19,-0.000169109
2006-05-22,-0.060325872
2006-05-23,0.0199796
2006-05-24,0.013352941
2006-05-25,-0.026586173
2006-05-26,0.004770708
2006-05-29,-0.004035848
2006-05-30,0.006078303
2006-05-31,0
2006-06-01,-0.030563289
2006-06-02,-0.010020163
2006-06-05,0.020736901
2006-06-06,-0.007195115
2006-06-07,-0.016443362
2006-06-08,-0.007306502
2006-06-09,-0.018151198
2006-06-12,-0.011053936
2006-06-13,-0.017794052
2006-06-14,-0.05206017
2006-06-15,0.019042362
2006-06-16,0.020243737
2006-06-19,-0.019908421
2006-06-20,-0.010765793
2006-06-21,0.021560575
2006-06-22,0.026130653
2006-06-23,-0.018609207
2006-06-26,0.006986028
2006-06-27,0.002246449
2006-06-28,-0.011141143
2006-06-29,-0.002066667
2006-06-30,0.028926448
2006-07-03,0.033567069
2006-07-04,0.003329355
2006-07-05,0.004883546
2006-07-06,0.001370717
2006-07-07,0.009830762
2006-07-10,-0.003758472
2006-07-11,-0.004885893
2006-07-12,0.021690491
2006-07-13,0.014964414
2006-07-14,0.013185496
2006-07-17,0.026619343
2006-07-18,-0.034226448
2006-07-19,-0.037229282
2006-07-20,0.019582326
2006-07-21,-0.019874795
2006-07-24,-0.014262681
2006-07-25,0.010128334
2006-07-26,-0.005231363
2006-07-27,0.013272397
2006-07-28,0.00407785
2006-07-31,0.003630546
2006-08-01,-0.002023299
2006-08-02,0.020396879
2006-08-03,0.0021675
2006-08-04,-0.00600781
2006-08-07,0.008159565
2006-08-08,-0.0058753
2006-08-09,-0.007297069
2006-08-10,0.016341656
2006-08-11,-0.014465033
2006-08-14,-0.017224648
2006-08-15,-0.003147371
2006-08-16,-0.001300068
2006-08-17,0.006694768
2006-08-18,-0.026600985
2006-08-21,0.012145749
2006-08-22,0.0065
2006-08-23,-0.005526577
2006-08-24,-0.001123946
2006-08-25,0.002375445
2006-08-28,-0.003554724
2006-08-29,-0.00951308
2006-08-30,-0.002969797
2006-08-31,0.008619051
2006-09-01,0.008356896
2006-09-04,0.000560818
2006-09-05,0.003736688
2006-09-06,0.007631693
2006-09-07,0.001847291
2006-09-08,-0.024523663
2006-09-11,-0.037930817
2006-09-12,0.00209575
2006-09-13,-0.019671917
2006-09-14,0.013266667
2006-09-15,-0.020461872
2006-09-18,0.003224073
2006-09-19,0.004954472
2006-09-20,-0.011325783
2006-09-21,0.001145553
2006-09-22,0.008211617
2006-09-25,0.003938848
2006-09-26,0.000797978
2006-09-27,0.005980066
2006-09-28,0.009577279
2006-09-29,0.004317959
2006-10-09,-0.035502573
2006-10-10,-0.000202621
2006-10-11,-0.013105452
2006-10-12,0.006708194
2006-10-13,0.003195757
2006-10-16,0.019249017
2006-10-17,0.006117835
2006-10-18,-0.005882353
2006-10-19,-0.002127518
2006-10-20,0.0177227
2006-10-23,-0.015777414
2006-10-24,-0.01556472
2006-10-25,0.003040541
2006-10-26,0.015426069
2006-10-27,-0.003117951
2006-10-30,0.012710455
2006-10-31,-0.000525693
2006-11-01,0.009007232
2006-11-02,0.011858995
2006-11-03,0.013716273
2006-11-06,0.008004066
2006-11-07,-0.002709856
2006-11-08,0.001832543
2006-11-09,-0.011290526
2006-11-10,0.019904306
2006-11-13,-0.002689685
2006-11-14,-0.009219769
2006-11-15,0.000822941
2006-11-16,0.001265022
2006-11-17,-0.00897031
2006-11-20,0.006310556
2006-11-21,0.000823462
2006-11-22,0.006329114
2006-11-23,-6.28931E-05
2006-11-24,0.002893264
2006-11-27,0.009720916
2006-11-28,0.00310559
2006-11-29,-0.000619195
2006-11-30,-0.003097893
2006-12-01,0.011559975
2006-12-04,0.002150406
2006-12-05,-0.003739807
2006-12-06,-0.008615385
2006-12-07,-0.013221601
2006-12-08,0.004466251
2006-12-11,-0.008266533
2006-12-12,0.005872695
2006-12-13,-0.003766715
2006-12-14,-0.000756191
2006-12-15,0.009711799
2006-12-18,-0.025420024
2006-12-19,-0.00198667
2006-12-20,0.006806653
2006-12-21,-0.011416544
2006-12-22,0.00916129
2006-12-25,0.001086818
2006-12-26,0.008365796
2006-12-27,-0.003293224
2006-12-28,0.002160376
2006-12-29,0.010271367
2007-01-04,-0.004769675
2007-01-05,-0.010341783
2007-01-08,-0.020517395
2007-01-09,0.004748894
2007-01-10,-0.000712205
2007-01-11,-0.003110017
2007-01-12,0.002404784
2007-01-15,0.017441483
2007-01-16,-0.000764721
2007-01-17,-0.002040816
2007-01-18,0.008435583
2007-01-19,-0.002027883
2007-01-22,0.007493015
2007-01-23,0.001008446
2007-01-24,0.010011334
2007-01-25,0.005423602
2007-01-26,0.000186012
2007-01-29,0.001239849
2007-01-30,-0.005077085
2007-01-31,0.003298276
2007-02-01,0.008869867
2007-02-02,0.004057793
2007-02-05,-0.010164717
2007-02-06,0.003340551
2007-02-07,0.007953635
2007-02-08,-0.005505261
2007-02-09,0.008918686
2007-02-12,0.009327562
2007-02-13,-0.002355641
2007-02-14,0.005872737
2007-02-15,0.002708559
2007-02-16,-0.002281049
2007-02-26,0.027014018
2007-02-27,-0.002343292
2007-02-28,-0.017909571
2007-03-01,0.003886398
2007-03-02,-0.018403812
2007-03-05,-0.031612159
2007-03-06,0.009962406
2007-03-07,-0.002419505
2007-03-08,0.014303483
2007-03-09,-0.000613121
2007-03-12,-0.001411043
2007-03-13,-0.003010383
2007-03-14,-0.012324378
2007-03-15,0.005053656
2007-03-16,0.003910857
2007-03-19,0.010635667
2007-03-20,-0.00256975
2007-03-21,0.006563612
2007-03-22,0.00645987
2007-03-23,-0.003935816
2007-03-26,-0.00212766
2007-03-27,0.006518428
2007-03-28,0.00169471
2007-03-29,-0.001389728
2007-03-30,0.000544563
2007-04-02,-0.000544267
2007-04-03,0.000726085
2007-04-04,0.006409094
2007-04-05,0.00444578
2007-04-06,0.001854178
2007-04-09,-0.003104478
2007-04-10,0.006827165
2007-04-11,0.001546514
2007-04-12,0.002731916
2007-04-13,-0.003257522
2007-04-16,0.012062511
2007-04-17,0.002935651
2007-04-18,0.005678492
2007-04-19,-0.009954014
2007-04-20,0.002880997
2007-04-23,0.0067421
2007-04-24,0.000757046
2007-04-25,-0.007215595
2007-04-26,0.000117226
2007-04-27,-0.017581902
2007-04-30,0.003579312
2007-05-08,0.010699637
2007-05-09,0.000352879
2007-05-10,-0.0092892
2007-05-11,-0.016141475
2007-05-14,0.003679353
2007-05-15,-0.002403846
2007-05-16,0.003614458
2007-05-17,-0.012905162
2007-05-18,-0.010884767
2007-05-21,0.00565597
2007-05-22,0.000978115
2007-05-23,-0.005313302
2007-05-24,0.001657764
2007-05-25,-0.010604389
2007-05-28,0.002354253
2007-05-29,0.000185426
2007-05-30,-0.001668521
2007-05-31,0.003775921
2007-06-01,0.006721756
2007-06-04,0.00992343
2007-06-05,0.003214654
2007-06-06,-0.002237001
2007-06-07,0
2007-06-08,-0.015997091
2007-06-11,-0.007759098
2007-06-12,-0.001923912
2007-06-13,-0.011317
2007-06-14,0.00754717
2007-06-15,-0.000124844
2007-06-18,0.01073792
2007-06-19,-0.003397159
2007-06-20,0.004028509
2007-06-21,-0.00537037
2007-06-22,-0.004158133
2007-06-25,-0.002056587
2007-06-26,-0.002310623
2007-06-27,-0.015585879
2007-06-28,0.007566605
2007-06-29,0.002145652
2007-07-02,0.003148615
2007-07-03,0.010860013
2007-07-04,-0.004595417
2007-07-05,0.000249548
2007-07-06,-0.009355704
2007-07-09,0.009381099
2007-07-10,0.004678144
2007-07-11,0.006953498
2007-07-12,-0.005117455
2007-07-13,0.004524046
2007-07-16,0.001418965
2007-07-17,-0.000492854
2007-07-18,0.003143491
2007-07-19,0.005099846
2007-07-20,0.006113217
2007-07-23,0.007352048
2007-07-24,0.000422221
2007-07-25,-0.00566743
2007-07-26,-0.002182877
2007-07-27,-0.017805056
2007-07-30,0.000989915
2007-07-31,0.002595958
2007-08-01,-0.007644412
2007-08-02,0.006025968
2007-08-03,0.002037792
2007-08-06,0.008504345
2007-08-07,-0.003666361
2007-08-08,0.001533272
2007-08-09,0.003674219
2007-08-10,-0.010982306
2007-08-13,0.007341147
2007-08-14,0.000244963
2007-08-15,-0.003612319
2007-08-16,-0.000122895
2007-08-17,-0.019235497
2007-08-20,0.008584498
2007-08-21,0.000310636
2007-08-22,0.000558971
2007-08-23,0.005276226
2007-08-24,-0.005248533
2007-08-27,0.008193669
2007-08-28,-0.000923532
2007-08-29,-0.002896407
2007-08-30,-0.000741656
2007-08-31,0.00216477
2007-09-03,0.00752947
2007-09-04,0.001531394
2007-09-05,0.009051988
2007-09-06,0.004970299
2007-09-07,0.012183353
2007-09-10,0.013168871
2007-09-11,0.000882197
2007-09-12,0.01163474
2007-09-13,-0.005227695
2007-09-14,-0.002160458
2007-09-17,0.007548716
2007-09-18,0.007201766
2007-09-19,0.010898397
2007-09-20,0.000969711
2007-09-21,0.01504445
2007-09-24,-0.001010555
2007-09-25,-0.009328987
2007-09-26,0.008622646
2007-09-27,-0.006130484
2007-09-28,0.008431894
2007-10-08,0.001234568
2007-10-09,-0.004371707
2007-10-10,0.006530061
2007-10-11,0.005033557
2007-10-12,0.004451864
2007-10-15,0.012742382
2007-10-16,0.013785558
2007-10-17,-0.012518886
2007-10-18,0.005464481
2007-10-19,0.010054348
2007-10-22,-0.010438526
2007-10-23,-0.002011854
2007-10-24,-0.005067015
2007-10-25,0.007502327
2007-10-26,0.016360474
2007-10-29,0.016204075
2007-10-30,-0.006525629
2007-10-31,-0.000529717
2007-11-01,0.011341955
2007-11-02,-0.00445446
2007-11-05,0.016686845
2007-11-06,0.011131821
2007-11-07,0.023913155
2007-11-08,-0.00265053
2007-11-09,0.002607431
2007-11-12,-0.021755439
2007-11-13,-0.008537832
2007-11-14,-0.0041252
2007-11-15,0.011080619
2007-11-16,-0.023454704
2007-11-19,-0.005244113
2007-11-20,-0.00152881
2007-11-21,0.02217529
2007-11-22,-0.005681818
2007-11-23,0.005818182
2007-11-26,0.016165685
2007-11-27,-0.001575604
2007-11-28,-0.016493586
2007-11-29,-0.00621118
2007-11-30,-0.00921875
2007-12-03,-0.007464648
2007-12-04,0.004713733
2007-12-05,0.011755403
2007-12-06,-0.010628875
2007-12-07,0.003949655
2007-12-10,-0.002098196
2007-12-11,0.010880992
2007-12-12,-0.005511934
2007-12-13,0.003921569
2007-12-14,-0.0078125
2007-12-17,-0.007349081
2007-12-18,0.001692226
2007-12-19,0.008921972
2007-12-20,-0.005808173
2007-12-21,0.002631579
2007-12-24,0.008713911
2007-12-25,0.00057244
2007-12-26,0.004004785
2007-12-27,0.003937008
2007-12-28,0.006346749
2008-01-02,0.007332205
2008-01-03,0.022091011
2008-01-04,0.008466135
2008-01-07,-0.011061728
2008-01-08,0.018176371
2008-01-09,0.024178519
2008-01-10,-0.015467126
2008-01-11,0.013618677
2008-01-14,0.013339731
2008-01-15,0.005492944
2008-01-16,-0.026466987
2008-01-17,0.00125774
2008-01-18,-0.008358295
2008-01-21,0.002484775
2008-01-22,-0.026049767
2008-01-23,0.034580838
2008-01-24,-0.000385858
2008-01-25,0.022195416
2008-01-28,0.005853198
2008-01-29,0.005678352
2008-01-30,-0.001399907
2008-01-31,-9.34579E-05
2008-02-01,0
2008-02-04,-0.018085802
2008-02-05,-0.005425729
2008-02-13,-0.003684739
2008-02-14,0.012824207
2008-02-15,-0.001991748
2008-02-18,-0.005321929
2008-02-19,0.003965031
2008-02-20,0.015178911
2008-02-21,0.0147176
2008-02-22,0.003187214
2008-02-25,0.003269178
2008-02-26,-0.014181468
2008-02-27,0.023277467
2008-02-28,-0.005959964
2008-02-29,0.013089844
2008-03-03,0.015992772
2008-03-04,-0.001689715
2008-03-05,-0.016079462
2008-03-06,0.021865097
2008-03-07,-0.003233952
2008-03-10,-0.0044
2008-03-11,-0.007276461
2008-03-12,0.002788021
2008-03-13,0.009865471
2008-03-14,0.007548845
2008-03-17,0.029484354
2008-03-18,-0.020591635
2008-03-19,-0.012151412
2008-03-20,-0.054646018
2008-03-21,-0.017318044
2008-03-24,-0.014527268
2008-03-25,0.01662639
2008-03-26,0.008890368
2008-03-27,0.011450921
2008-03-28,-0.006196422
2008-03-31,-0.006141297
2008-04-01,-0.033018868
2008-04-02,-0.019560976
2008-04-03,0.011940893
2008-04-07,0.011603324
2008-04-08,0.006804374
2008-04-09,-0.011054791
2008-04-10,0.020160109
2008-04-11,-0.004306426
2008-04-14,-0.003796434
2008-04-15,0.013941148
2008-04-16,-0.005661544
2008-04-17,0.016602871
2008-04-18,-0.000611851
2008-04-21,-0.023782613
2008-04-22,-0.006126682
2008-04-23,0.003543345
2008-04-24,-0.014703748
2008-04-25,-0.016641304
2008-04-28,0.008486422
2008-04-29,-0.00999901
2008-04-30,-0.00935
2008-05-05,-0.015898652
2008-05-06,0.009334291
2008-05-07,-0.001727642
2008-05-08,-0.007889647
2008-05-09,0.020984044
2008-05-12,-0.005025126
2008-05-13,-0.003333333
2008-05-14,-0.010337489
2008-05-15,0.002048131
2008-05-16,0.013285641
2008-05-19,0.025718608
2008-05-20,0.00152409
2008-05-21,0.009474253
2008-05-22,0.011768138
2008-05-23,-0.011871576
2008-05-26,0.00583686
2008-05-27,-0.000483582
2008-05-28,-0.017514152
2008-05-29,-0.013640617
2008-05-30,-0.022516226
2008-06-02,0.009448899
2008-06-03,0.009917021
2008-06-04,-0.01753507
2008-06-05,0.003518613
2008-06-06,-0.000711418
2008-06-10,0.004271548
2008-06-11,-0.011291711
2008-06-12,-0.00747721
2008-06-13,0
2008-06-16,-0.000928793
2008-06-17,0.014048136
2008-06-18,0.00025466
2008-06-19,0.004429961
2008-06-20,0.010341681
2008-06-23,0.003161064
2008-06-24,-0.019906967
2008-06-25,0.001020669
2008-06-26,0.000713739
2008-06-27,0.026542361
2008-06-30,0.015334988
2008-07-01,-0.00195513
2008-07-02,0.016651158
2008-07-03,0.001878703
2008-07-04,-0.008462352
2008-07-07,-0.014159635
2008-07-08,0.009001476
2008-07-09,-0.008823673
2008-07-10,0.004770805
2008-07-11,0.015321357
2008-07-14,0.018657796
2008-07-15,0.008519097
2008-07-16,-0.000281571
2008-07-17,-0.008261747
2008-07-18,0.001041322
2008-07-21,-0.001844059
2008-07-22,0.009047845
2008-07-23,-0.029200507
2008-07-24,-0.013975531
2008-07-25,0.004904365
2008-07-28,-0.002293802
2008-07-29,0.002152326
2008-07-30,-0.01591253
2008-07-31,-0.003025644
2008-08-01,-0.001492537
2008-08-04,0.004484305
2008-08-05,-0.025793651
2008-08-06,-0.00305499
2008-08-07,-0.001123596
2008-08-08,-0.020861029
2008-08-11,-0.00845953
2008-08-12,-0.052032863
2008-08-13,0.015777778
2008-08-14,0.007766353
2008-08-15,-0.047541517
2008-08-18,0.014586895
2008-08-19,-0.022801303
2008-08-20,0.034425287
2008-08-21,0.005278071
2008-08-22,0.017132751
2008-08-25,-0.015485764
2008-08-26,-0.001710911
2008-08-27,0.009398496
2008-08-28,0.006572461
2008-08-29,0.001088258
2008-09-01,-0.000978367
2008-09-02,-0.030032644
2008-09-03,-0.011106125
2008-09-04,0.013669881
2008-09-05,-0.010128141
2008-09-08,0.016902205
2008-09-09,-0.018344544
2008-09-10,-0.027804519
2008-09-11,-0.025163094
2008-09-12,0.003047323
2008-09-16,0.021326026
2008-09-17,0.014814815
2008-09-18,0.098856256
2008-09-19,-0.032010042
2008-09-22,0.033608905
2008-09-23,0.014062418
2008-09-24,0.002165172
2008-09-25,0.006687243
2008-09-26,-0.015074093
2008-10-06,-0.049649805
2008-10-07,0.044327983
2008-10-08,0.02603241
2008-10-09,-0.010036682
2008-10-10,0.041583037
2008-10-13,-0.062848955
2008-10-14,-0.015184267
2008-10-15,0.000963649
2008-10-16,-0.014547788
2008-10-17,-0.028276798
2008-10-20,-0.003071939
2008-10-21,-0.019552916
2008-10-22,-0.034285714
2008-10-23,-0.036094675
2008-10-24,-0.012829957
2008-10-27,0.012810149
2008-10-28,0.025541843
2008-10-29,0.003173083
2008-10-30,0.02088804
2008-10-31,-0.041272068
2008-11-03,0.01097561
2008-11-04,-0.005910736
2008-11-05,0.016260163
2008-11-06,-0.011880597
2008-11-07,6.04193E-05
2008-11-10,0.014378927
2008-11-11,-0.004288267
2008-11-12,-0.009211628
2008-11-13,-0.023243178
2008-11-14,0.016379257
2008-11-17,0.009486743
2008-11-18,-0.003433735
2008-11-19,0.001027625
2008-11-20,0.002415459
2008-11-21,0.01
2008-11-24,0.034832399
2008-11-25,0.028760807
2008-11-26,0.001736792
2008-11-27,0
2008-11-28,0.001174497
2008-12-01,-0.003463494
2008-12-02,-0.042771456
2008-12-03,0.016280159
2008-12-04,-0.011409473
2008-12-05,0.009093029
2008-12-08,-0.004736599
2008-12-09,0.007603018
2008-12-10,0.008006451
2008-12-11,0.0316
2008-12-12,-0.011300061
2008-12-15,0.019720993
2008-12-16,0.009834624
2008-12-17,0.011969532
2008-12-18,0.015215054
2008-12-19,-0.008896891
2008-12-22,-0.006091371
2008-12-23,0.006236224
2008-12-24,-0.009990917
2008-12-25,0.00701565
2008-12-26,0.003215434
2008-12-29,0.040598291
2008-12-30,-0.010831622
2008-12-31,-0.010586953
2009-01-05,0.007185943
2009-01-06,-0.02265389
2009-01-07,0.011189855
2009-01-08,-0.011961849
2009-01-09,0.01168
2009-01-12,-0.005798935
2009-01-13,-0.035951005
2009-01-14,0.006490292
2009-01-15,-0.014536313
2009-01-16,0.011867132
2009-01-19,0.014961364
2009-01-20,-0.012149028
2009-01-21,0.025252801
2009-01-22,0.001226209
2009-01-23,0.003674121
2009-02-02,0.059737917
2009-02-03,-0.008310388
2009-02-04,-0.002826998
2009-02-05,0.007441908
2009-02-06,0.011055276
2009-02-09,-0.011580517
2009-02-10,-0.009604264
2009-02-11,0.019090171
2009-02-12,0.029194898
2009-02-13,0.001064963
2009-02-16,-0.001499033
2009-02-17,0.022325536
2009-02-18,0.012079583
2009-02-19,0.002667915
2009-02-20,0.003594436
2009-02-23,0.007581748
2009-02-24,0.002446681
2009-02-25,-0.031084504
2009-02-26,-0.002423954
2009-02-27,-0.011339273
2009-03-02,0.011903041
2009-03-03,-0.031241071
2009-03-04,-0.009536919
2009-03-05,-0.000248164
2009-03-06,0.029141637
2009-03-09,-0.008248915
2009-03-10,-0.018434749
2009-03-11,-0.018632309
2009-03-12,0.017774187
2009-03-13,0.008979956
2009-03-16,0.003048631
2009-03-17,-0.00730428
2009-03-18,-0.01037037
2009-03-19,0.022205589
2009-03-20,0.025140347
2009-03-23,0.00152381
2009-03-24,-0.018210346
2009-03-25,-0.011622839
2009-03-26,0.006761723
2009-03-27,-0.002725459
2009-03-30,-0.005953833
2009-03-31,-0.005547646
2009-04-01,-0.002270932
2009-04-02,0.003859476
2009-04-03,-0.01567429
2009-04-07,-0.028592889
2009-04-08,0.008608691
2009-04-09,-0.005519779
2009-04-10,0.000873677
2009-04-13,0.006675225
2009-04-14,0.007855139
2009-04-15,-0.007034769
2009-04-16,0.001987768
2009-04-17,-0.019990844
2009-04-20,-0.003892868
2009-04-21,0.021468397
2009-04-22,-0.003111769
2009-04-23,0.004861324
2009-04-24,0.019962316
2009-04-27,-0.001447901
2009-04-28,-0.014
2009-04-29,-0.00040568
2009-04-30,0.003196023
2009-05-04,-0.005309735
2009-05-05,0.008134215
2009-05-06,0.000504286
2009-05-07,0.008568548
2009-05-08,0.002148926
2009-05-11,0.001595771
2009-05-12,-0.000896191
2009-05-13,0.012159266
2009-05-14,-0.004529565
2009-05-15,0.004896385
2009-05-18,0.007087312
2009-05-19,-0.010556153
2009-05-20,0.006322236
2009-05-21,0.016000785
2009-05-22,0.007777778
2009-05-25,0.002109199
2009-05-26,0.000861038
2009-05-27,-0.002580892
2009-06-01,0.033494657
2009-06-02,-0.012425816
2009-06-03,0.015962441
2009-06-04,-0.015711645
2009-06-05,0.011737089
2009-06-08,-0.027842227
2009-06-09,0.000906921
2009-06-10,0.00600887
2009-06-11,-0.004835269
2009-06-12,-0.002572286
2009-06-15,-0.01671522
2009-06-16,0.001942785
2009-06-17,0.000921033
2009-06-18,0.001452925
2009-06-19,-0.004739336
2009-06-22,-0.0005345
2009-06-23,-0.012932082
2009-06-24,0.005811949
2009-06-25,0.008275795
2009-06-26,0.009276348
2009-06-29,-0.007506857
2009-06-30,0.005624242
2009-07-01,-0.010848079
2009-07-02,0.00638526
2009-07-03,-0.003487189
2009-07-06,-0.009477521
2009-07-07,-0.002158979
2009-07-08,0.001573564
2009-07-09,-0.011684996
2009-07-10,-0.001490313
2009-07-13,-0.00159204
2009-07-14,0.01036476
2009-07-15,0.006806076
2009-07-16,0.010042128
2009-07-17,-0.001357971
2009-07-20,0.008935943
2009-07-21,0.002166065
2009-07-22,-0.000576369
2009-07-23,0.006391772
2009-07-24,-0.004106776
2009-07-27,0.00724047
2009-07-28,-0.000952109
2009-07-29,-0.01929858
2009-07-30,-0.003838492
2009-07-31,0.00604819
2009-08-03,0.015223504
2009-08-04,0.002340019
2009-08-05,0.010148173
2009-08-06,-0.000330158
2009-08-07,-0.00353857
2009-08-10,-0.00563447
2009-08-11,-0.004809295
2009-08-12,-0.005215311
2009-08-13,0.012216825
2009-08-14,-0.001425517
2009-08-17,-0.010373543
2009-08-18,-0.002788864
2009-08-19,-0.003809248
2009-08-20,0.008180058
2009-08-21,-0.004704979
2009-08-24,0.013120448
2009-08-25,-0.008760653
2009-08-26,0.002689851
2009-08-27,-0.000718563
2009-08-28,0.002732502
2009-08-31,0.003250944
2009-09-01,0.001763164
2009-09-02,0.000808677
2009-09-03,0.024003042
2009-09-04,0.008819161
2009-09-07,0.004877151
2009-09-08,0.008562271
2009-09-09,-0.003359513
2009-09-10,-0.004965153
2009-09-11,0.005768174
2009-09-14,-0.002275831
2009-09-15,0.003649635
2009-09-16,0.0155
2009-09-17,0.002685645
2009-09-18,-0.005892594
2009-09-21,-0.011361085
2009-09-22,0.009084302
2009-09-23,0.003195895
2009-09-24,-0.000403823
2009-09-25,-0.017595834
2009-09-28,-0.006533857
2009-09-29,0.004139263
2009-09-30,0.006320707
2009-10-09,0.042283009
2009-10-12,0.004017467
2009-10-13,0.006002088
2009-10-14,0.012970169
2009-10-15,-0.009944516
2009-10-16,-0.005905936
2009-10-19,0.006071119
2009-10-20,0.010301724
2009-10-21,-0.005930287
2009-10-22,-0.002360515
2009-10-23,0.0023661
2009-10-26,-0.004334764
2009-10-27,-0.011638433
2009-10-28,-0.001003097
2009-10-29,-0.008993277
2009-10-30,0.015198238
2009-11-02,-0.002386635
2009-11-03,0.014528056
2009-11-04,0.019550677
2009-11-05,0.002691337
2009-11-06,0.00402617
2009-11-09,0.014035088
2009-11-10,-0.00502554
2009-11-11,0.008073197
2009-11-12,0.011704793
2009-11-13,-0.013558496
2009-11-16,0.02090535
2009-11-17,0.005280555
2009-11-18,0.003568708
2009-11-19,0.004594854
2009-11-20,0.00206817
2009-11-23,0.016669974
2009-11-24,-0.002537576
2009-11-25,0.014559687
2009-11-26,0.005323663
2009-11-27,-0.019224866
2009-11-30,0.010407293
2009-12-01,0.006698935
2009-12-02,0.022270944
2009-12-03,0.007261918
2009-12-04,-0.0067613
2009-12-07,-0.042837264
2009-12-08,0.005500982
2009-12-09,-0.026651036
2009-12-10,-0.001967239
2009-12-11,0.009694678
2009-12-14,-0.011115538
2009-12-15,-0.002860481
2009-12-16,0.002020202
2009-12-17,0.003830645
2009-12-18,-0.016951195
2009-12-21,0.005189392
2009-12-22,-0.018292683
2009-12-23,-0.007287785
2009-12-24,0.015850505
2009-12-25,0.006118091
2009-12-28,-0.002163
2009-12-29,-0.004989775
2009-12-30,-0.007892141
2009-12-31,0.013009612
2010-01-04,-0.002494888
2010-01-05,0.022387142
2010-01-06,-0.009945859
2010-01-07,0.014055981
2010-01-08,-0.009027722
2010-01-11,0.025112867
2010-01-12,0.003342377
2010-01-13,-0.020849663
2010-01-14,0.008645533
2010-01-15,-0.000634921
2010-01-18,-0.001032402
2010-01-19,0.003060657
2010-01-20,-0.005349713
2010-01-21,-0.013944223
2010-01-22,-0.013050505
2010-01-25,0.00216973
2010-01-26,-0.003921569
2010-01-27,-0.003813976
2010-01-28,-0.007862995
2010-01-29,-0.005394191
2010-02-01,-0.000375469
2010-02-02,0.018738784
2010-02-03,0.010979107
2010-02-04,-0.012075533
2010-02-05,-0.034823626
2010-02-08,0.001232417
2010-02-09,0.004032258
2010-02-10,0.003889241
2010-02-11,8.42212E-05
2010-02-12,0.009431976
2010-02-22,0.028615526
2010-02-23,-0.005271909
2010-02-24,-0.011374292
2010-02-25,-0.008041237
2010-02-26,0.012429848
2010-03-01,0.007432044
2010-03-02,-0.001059711
2010-03-03,0.015953323
2010-03-04,-0.000401606
2010-03-05,-0.000482121
2010-03-08,0.003698046
2010-03-09,-0.0164998
2010-03-10,0.00553791
2010-03-11,-0.013039605
2010-03-12,0.005005744
2010-03-15,-0.005307422
2010-03-16,0.006197669
2010-03-17,0.012849276
2010-03-18,-0.005759162
2010-03-19,0.0017013
2010-03-22,-0.012495451
2010-03-23,-0.003398853
2010-03-24,0.000534166
2010-03-25,-0.006078029
2010-03-26,0.00487563
2010-03-29,0.006455592
2010-03-30,0.000817094
2010-03-31,-0.001632853
2010-04-01,0.003720816
2010-04-02,0.005662376
2010-04-06,0.002673472
2010-04-07,0.009170606
2010-04-08,0.006405124
2010-04-09,0.00982498
2010-04-12,0.007169024
2010-04-13,-0.008995268
2010-04-14,0.001026086
2010-04-15,-0.000591366
2010-04-16,-0.000433925
2010-04-19,-0.017917045
2010-04-20,0.006992164
2010-04-21,0.003431901
2010-04-22,0.003857626
2010-04-23,-0.005625545
2010-04-26,0.01314741
2010-04-27,-0.003185214
2010-04-28,0.006548582
2010-04-29,0.004271997
2010-04-30,0.003980643
2010-05-04,0.003381793
2010-05-05,-0.004842521
2010-05-06,0.00295858
2010-05-07,0.023249495
2010-05-10,-0.002048325
2010-05-11,0.008020069
2010-05-12,0.020475113
2010-05-13,0.004323246
2010-05-14,-0.000956586
2010-05-17,0.001067983
2010-05-18,-0.018541
2010-05-19,-0.000337344
2010-05-20,-0.020472441
2010-05-21,-0.005512173
2010-05-24,0.00804465
2010-05-25,-0.002291038
2010-05-26,0.014964216
2010-05-27,0.003242836
2010-05-28,0.002179959
2010-05-31,-0.002362736
2010-06-01,0.006315552
2010-06-02,0.003025888
2010-06-03,0.001378026
2010-06-04,-0.015658125
2010-06-07,0.009635003
2010-06-08,0.018973841
2010-06-09,-0.003415602
2010-06-10,-0.00637553
2010-06-11,-0.002596247
2010-06-17,0.008850216
2010-06-18,0.006155547
2010-06-21,0.011429827
2010-06-22,-0.016480133
2010-06-23,0.002798851
2010-06-24,-0.007932427
2010-06-25,0.007588658
2010-06-28,0.006392593
2010-06-29,-0.014346731
2010-06-30,0.005333333
2010-07-01,-0.003389331
2010-07-02,-0.024767115
2010-07-05,0.003373512
2010-07-06,-0.003211061
2010-07-07,-0.014136284
2010-07-08,0.011724907
2010-07-09,-0.005129569
2010-07-12,0.00561433
2010-07-13,-0.005393088
2010-07-14,0.010157324
2010-07-15,-0.001927875
2010-07-16,-0.001628603
2010-07-19,-0.011191199
2010-07-20,-0.006330328
2010-07-21,0.003861004
2010-07-22,-0.003769231
2010-07-23,0.010462513
2010-07-26,-0.002024988
2010-07-27,-0.006508423
2010-07-28,-0.014258189
2010-07-29,0
2010-07-30,0
2010-08-02,0.010125098
2010-08-03,0.000774024
2010-08-04,0.007888936
2010-08-05,0.000575529
2010-08-06,0.002032364
2010-08-09,0.00838085
2010-08-10,-0.006527514
2010-08-11,0.0001528
2010-08-12,0.003055534
2010-08-13,0.012489529
2010-08-16,0.00361038
2010-08-17,0.004271903
2010-08-18,-0.004477612
2010-08-19,0.007458771
2010-08-20,0.000111611
2010-08-23,0.001599583
2010-08-24,-0.006425255
2010-08-25,0.008036782
2010-08-26,0.007972707
2010-08-27,-0.006658818
2010-08-30,0.003518388
2010-08-31,-0.001217892
2010-09-01,0.012341573
2010-09-02,-0.002518524
2010-09-03,0.002268735
2010-09-06,-0.000730194
2010-09-07,-0.000949945
2010-09-08,0.007789643
2010-09-09,-0.005189244
2010-09-10,-0.006711899
2010-09-13,0.000330518
2010-09-14,0.002239436
2010-09-15,0.010989011
2010-09-16,-0.002898551
2010-09-17,0.008539244
2010-09-20,-0.000144118
2010-09-21,-0.003927786
2010-09-27,0.014362202
2010-09-28,-0.00773922
2010-09-29,0.013406657
2010-09-30,0.000532009
2010-10-08,0.013115916
2010-10-11,0.014660602
2010-10-12,-0.000448291
2010-10-13,0.006347892
2010-10-14,0.014706891
2010-10-15,-0.003141998
2010-10-18,-0.013793805
2010-10-19,0.005601567
2010-10-20,-0.017189529
2010-10-21,0.00020863
2010-10-22,-0.012862854
2010-10-25,0.018242648
2010-10-26,-0.004254142
2010-10-27,-0.00267454
2010-10-28,-0.00243792
2010-10-29,0.009670775
2010-11-01,0.013381743
2010-11-02,-0.002354386
2010-11-03,-0.001333881
2010-11-04,0.002054865
2010-11-05,0.016405209
2010-11-08,0.005043882
2010-11-09,0.01582522
2010-11-10,-0.009353798
2010-11-11,0.004588071
2010-11-12,-0.010491131
2010-11-15,-0.012676009
2010-11-16,-0.004878049
2010-11-17,-0.016203704
2010-11-18,0.010692042
2010-11-19,0.001061317
2010-11-22,0.003864569
2010-11-23,0.003543079
2010-11-24,0.006551923
2010-11-25,-0.003102867
2010-11-26,-0.002469721
2010-11-29,-0.000508733
2010-11-30,0.001289447
2010-12-01,0.01531788
2010-12-02,0.001301736
2010-12-03,-0.003333444
2010-12-06,0.013712833
2010-12-07,0.004091194
2010-12-08,-0.018532514
2010-12-09,-0.000569152
2010-12-10,0.00284738
2010-12-13,0.000434245
2010-12-14,0.005008347
2010-12-15,-0.007209302
2010-12-16,-0.002141686
2010-12-17,-0.004627922
2010-12-20,0.009231495
2010-12-21,-0.002503756
2010-12-22,0.000301205
2010-12-23,-0.002743484
2010-12-24,0.001073573
2010-12-27,0.000335132
2010-12-28,0.0017086
2010-12-29,0.006923077
2010-12-30,0.001428239
2010-12-31,0.000995025
2011-01-04,0.002319417
2011-01-05,-0.015933884
2011-01-06,0.002989788
2011-01-07,-0.005626821
2011-01-10,0.005523931
2011-01-11,0.004220681
2011-01-12,-0.001901331
2011-01-13,-0.004745672
2011-01-14,-0.006749496
2011-01-17,-0.008113865
2011-01-18,0.010463888
2011-01-19,-0.001585374
2011-01-20,-0.007027264
2011-01-21,-0.009866966
2011-01-24,0.000721625
2011-01-25,-0.013460614
2011-01-26,0.003132614
2011-01-27,-0.002949341
2011-01-28,-0.016599965
2011-01-31,0.011041121
2011-02-01,0.000875044
2011-02-09,0.014163315
2011-02-10,-0.001
2011-02-11,0.001967485
2011-02-14,3.44495E-05
2011-02-15,0.002273588
2011-02-16,0.006461591
2011-02-17,0.001946522
2011-02-18,0.002385821
2011-02-21,0.008126488
2011-02-22,0.001247934
2011-02-23,0.00148218
2011-02-24,0.00588631
2011-02-25,-0.002441063
2011-02-28,0.004290695
2011-03-01,0.000634179
2011-03-02,0.008272457
2011-03-03,-0.001885731
2011-03-04,-0.006562811
2011-03-07,0.014446817
2011-03-08,-0.006676533
2011-03-09,9.93312E-05
2011-03-10,0.004138388
2011-03-11,-0.007748104
2011-03-14,0.005748463
2011-03-15,-0.007400555
2011-03-16,-0.006457196
2011-03-17,-0.003015075
2011-03-18,0.010887097
2011-03-21,0.0076785
2011-03-22,-0.001154544
2011-03-23,0
2011-03-24,0.004953765
2011-03-25,-0.001051594
2011-03-28,-0.011809987
2011-03-29,0.001464762
2011-03-30,0.003024964
2011-03-31,0.001391927
2011-04-01,0.002912364
2011-04-06,0.011318638
2011-04-07,0.000228407
2011-04-08,0.008677497
2011-04-11,0.004366106
2011-04-12,-0.009821285
2011-04-13,0.001463415
2011-04-14,0.001915895
2011-04-15,0.005444999
2011-04-18,0.005737863
2011-04-19,0.005128205
2011-04-20,0.005707908
2011-04-21,0.001299978
2011-04-22,0.005319823
2011-04-25,0.004472723
2011-04-26,-0.008874255
2011-04-27,-0.001044073
2011-04-28,0.014030531
2011-04-29,0
2011-05-03,0.005715714
2011-05-04,-0.001024845
2011-05-05,-0.011036155
2011-05-06,-0.021155539
2011-05-09,0.011336266
2011-05-10,0.003429442
2011-05-11,0.007246835
2011-05-12,-0.018096704
2011-05-13,0.014302627
2011-05-16,-0.009400631
2011-05-17,-6.36902E-05
2011-05-18,-0.002070064
2011-05-19,0.001116962
2011-05-20,0.001338859
2011-05-23,0.004393226
2011-05-24,0.008082409
2011-05-25,0.002641094
2011-05-26,0.002195114
2011-05-27,-0.000625802
2011-05-30,0.002817872
2011-05-31,0.00109276
2011-06-01,-0.003617764
2011-06-02,0.005947164
2011-06-03,-0.005009646
2011-06-07,0.00706758
2011-06-08,-0.00319846
2011-06-09,-0.000903427
2011-06-10,0.003180443
2011-06-13,-0.00537718
2011-06-14,-0.006375
2011-06-15,0.001698327
2011-06-16,0.002637363
2011-06-17,-0.002004134
2011-06-20,0.006181362
2011-06-21,0.002058191
2011-06-22,0.001400429
2011-06-23,-0.00087016
2011-06-24,-0.01125972
2011-06-27,-0.012363156
2011-06-28,-0.001051123
2011-06-29,0.003156686
2011-06-30,0.000286068
2011-07-01,-0.004353352
2011-07-04,-0.003383015
2011-07-05,-0.00044833
2011-07-06,0.014032615
2011-07-07,0.008498942
2011-07-08,-0.000689223
2011-07-11,0.009122829
2011-07-12,0.001180528
2011-07-13,0.014087566
2011-07-14,0.006945932
2011-07-15,-0.005712897
2011-07-18,0.013294621
2011-07-19,0.007208566
2011-07-20,-0.010630652
2011-07-21,0.008414298
2011-07-22,-0.010415103
2011-07-25,0.01759175
2011-07-26,-0.002980626
2011-07-27,0.004783259
2011-07-28,-0.003748884
2011-07-29,-0.002508661
2011-08-01,-5.98802E-05
2011-08-02,0.007245943
2011-08-03,0.028180737
2011-08-04,-0.00312247
2011-08-05,0.000435035
2011-08-08,0.022293086
2011-08-09,0.023338249
2011-08-10,0.002438551
2011-08-11,0.017829993
2011-08-12,-0.014693102
2011-08-15,-0.009041043
2011-08-16,0.01460321
2011-08-17,0.008882553
2011-08-18,0.003722826
2011-08-19,0.032785554
2011-08-22,0.021809793
2011-08-23,-0.004976911
2011-08-24,-0.019104832
2011-08-25,-0.051097385
2011-08-26,0.02168915
2011-08-29,0.01805661
2011-08-30,-0.011850866
2011-08-31,0.017895162
2011-09-01,-0.006830999
2011-09-02,0.013542694
2011-09-05,0.019463952
2011-09-06,0.01519647
2011-09-07,-0.035554539
2011-09-08,0.003715513
2011-09-09,0.015830927
2011-09-13,-0.024371333
2011-09-14,0.001324503
2011-09-15,-0.007989418
2011-09-16,-0.021467812
2011-09-19,0.02798899
2011-09-20,-0.017417815
2011-09-21,0.010738472
2011-09-22,-0.017645017
2011-09-23,-0.02173913
2011-09-26,-0.090111111
2011-09-27,0.045213091
2011-09-28,0.002570319
2011-09-29,-0.021121631
2011-09-30,0.007410714
2011-10-10,0.013057993
2011-10-11,0.011314922
2011-10-12,-0.001643646
2011-10-13,0.002252903
2011-10-14,-0.004005764
2011-10-17,0.007754405
2011-10-18,-0.013408367
2011-10-19,-0.00820674
2011-10-20,-0.017077465
2011-10-21,0.005254045
2011-10-24,0.014016749
2011-10-25,0.000117144
2011-10-26,0.032210835
2011-10-27,0.001333333
2011-10-28,0.009547554
2011-10-31,-0.016416905
2011-11-01,0.002225456
2011-11-02,0.006405329
2011-11-03,-0.000339443
2011-11-04,0.017232598
2011-11-07,0.006008512
2011-11-08,0.009816121
2011-11-09,-0.000794085
2011-11-10,-0.016497218
2011-11-11,0.006408649
2011-11-14,0.012486503
2011-11-15,-0.008394859
2011-11-16,-0.001268511
2011-11-17,-0.002954414
2011-11-18,-0.020492938
2011-11-21,-0.002346621
2011-11-22,-0.018420381
2011-11-23,0.011201894
2011-11-24,-0.005082084
2011-11-25,-0.008465578
2011-11-28,0.015831211
2011-11-29,0.002991538
2011-11-30,-0.000766958
2011-12-01,0.01680075
2011-12-02,-0.000251622
2011-12-05,-0.000251685
2011-12-06,-0.016839161
2011-12-07,0.00887675
2011-12-08,0.004765933
2011-12-09,-0.015408796
2011-12-12,-0.012713797
2011-12-13,-0.020297973
2011-12-14,-0.004008134
2011-12-15,-0.046367806
2011-12-16,0.022154648
2011-12-19,-0.005160585
2011-12-20,0.002837788
2011-12-21,0.013844515
2011-12-22,-0.00987395
2011-12-23,0.001151829
2011-12-26,-0.00457174
2011-12-27,-0.00733013
2011-12-28,-0.008364739
2011-12-29,-0.025151403
2011-12-30,0.01362916
2012-01-04,0.027892433
2012-01-05,0.009917255
2012-01-06,0.001807338
2012-01-09,-0.004630465
2012-01-10,0.003050991
2012-01-11,0.010390002
2012-01-12,0.00557377
2012-01-13,0.000414975
2012-01-16,-0.00331842
2012-01-17,0.008293945
2012-01-18,-0.002506044
2012-01-19,0.003103479
2012-01-20,-0.00150274
2012-01-30,0.035824948
2012-01-31,0.008974103
2012-02-01,-0.00446126
2012-02-02,0.007147314
2012-02-03,0.005322444
2012-02-06,-0.014118043
2012-02-07,-0.000596676
2012-02-08,0.010121112
2012-02-09,-0.005629046
2012-02-10,-0.004415511
2012-02-13,-0.000426451
2012-02-14,-0.008987741
2012-02-15,0.007949947
2012-02-16,-0.003473804
2012-02-17,0.006228927
2012-02-20,-0.000766697
2012-02-21,0.005001563
2012-02-22,0.008680899
2012-02-23,0.008970621
2012-02-24,-0.000361191
2012-02-27,-0.000305734
2012-02-28,0.000861877
2012-02-29,0.005472374
2012-03-01,-0.038567798
2012-03-02,0.002011494
2012-03-05,-0.001749355
2012-03-06,-0.005975466
2012-03-07,-0.014508251
2012-03-08,0.007214288
2012-03-09,0.01091862
2012-03-12,0.000172811
2012-03-13,-0.00046075
2012-03-14,-0.016565831
2012-03-15,-0.012011132
2012-03-16,0.006375093
2012-03-19,-0.00117855
2012-03-20,-0.004070796
2012-03-21,0.000740477
2012-03-22,-0.00325569
2012-03-23,-0.000504796
2012-03-26,0.007991682
2012-03-27,0.013292464
2012-03-28,-0.007504363
2012-03-29,-0.008586835
2012-03-30,0.002217033
2012-04-05,-0.021413403
2012-04-06,0.007535114
2012-04-09,0.003350485
2012-04-10,0.003249851
2012-04-11,0.004606378
2012-04-12,-0.000207076
2012-04-13,0.008935704
2012-04-16,-0.016305464
2012-04-17,0.00035775
2012-04-18,0.002503353
2012-04-19,-0.004696929
2012-04-20,0.000448015
2012-04-23,-0.004955816
2012-04-24,0.001050105
2012-04-25,0.002787352
2012-04-26,0.002600275
2012-04-27,0.001907885
2012-05-02,0.001100896
2012-05-03,-0.005765916
2012-05-04,-0.005022121
2012-05-07,0.002012979
2012-05-08,-0.002878474
2012-05-09,-0.023785897
2012-05-10,0.002864712
2012-05-11,-0.009921062
2012-05-14,-0.001054787
2012-05-15,-0.010838509
2012-05-16,-0.014222473
2012-05-17,0.009554749
2012-05-18,0.018266137
2012-05-21,0.011525235
2012-05-22,-0.006125762
2012-05-23,-0.017072945
2012-05-24,0.001065998
2012-05-25,0.005355633
2012-05-28,0.009314642
2012-05-29,-0.001358067
2012-05-30,-0.015948076
2012-05-31,0.010553095
2012-06-01,-0.004693085
2012-06-04,0.038221334
2012-06-05,-0.004421319
2012-06-06,0.007522431
2012-06-07,-0.003118441
2012-06-08,-0.02872526
2012-06-11,0.015762906
2012-06-12,-0.005030488
2012-06-13,0.013022828
2012-06-14,0.005142166
2012-06-15,0.003551008
2012-06-18,-0.006597097
2012-06-19,0.007365371
2012-06-20,-0.007581206
2012-06-21,-0.008031643
2012-06-25,-0.016406416
2012-06-26,0.004518166
2012-06-27,-0.007085644
2012-06-28,0.001272107
2012-06-29,-0.000681727
2012-07-02,0.011504233
2012-07-03,0.008951563
2012-07-04,0.003038405
2012-07-05,0.002362777
2012-07-06,-0.007857359
2012-07-09,-0.007371307
2012-07-10,-0.00119676
2012-07-11,-0.002918676
2012-07-12,-0.005114932
2012-07-13,0.00319004
2012-07-16,0.008026921
2012-07-17,0.002082631
2012-07-18,-0.006571105
2012-07-19,0.000646074
2012-07-20,0.001813989
2012-07-23,-0.005646943
2012-07-24,0.001604938
2012-07-25,0.006317022
2012-07-26,0.008880179
2012-07-27,0.007466537
2012-07-30,-0.000542283
2012-07-31,0.001808591
2012-08-01,-0.002527456
2012-08-02,-0.006364816
2012-08-03,-0.007316333
2012-08-06,0.008593535
2012-08-07,0.004396604
2012-08-08,-0.006128302
2012-08-09,0.005619343
2012-08-10,-0.003624611
2012-08-13,0.009064177
2012-08-14,-0.004836868
2012-08-15,-0.009418868
2012-08-16,0.003413281
2012-08-17,0.007957479
2012-08-20,0.000180794
2012-08-21,0.001415961
2012-08-22,0.010048135
2012-08-23,0.014624412
2012-08-24,-0.001115514
2012-08-27,0.006054016
2012-08-28,-0.006222066
2012-08-29,0.002733686
2012-08-30,-0.004778237
2012-08-31,0.000559647
2012-09-03,0.015926286
2012-09-04,0.003622139
2012-09-05,-0.001443626
2012-09-06,0.007893595
2012-09-07,-0.007114579
2012-09-10,0.021381104
2012-09-11,-0.001584158
2012-09-12,0.003003343
2012-09-13,-0.002853107
2012-09-14,0.020737131
2012-09-17,-0.00086037
2012-09-18,-0.006944444
2012-09-19,0.00979021
2012-09-20,-0.010193906
2012-09-21,0.006184932
2012-09-24,-0.00564626
2012-09-25,0.002993007
2012-09-26,-0.000892434
2012-09-27,-0.005750174
2012-09-28,0.010780763
2012-10-08,-0.004805155
2012-10-09,0.002735138
2012-10-10,-0.004147183
2012-10-11,-0.000698734
2012-10-12,-0.000699222
2012-10-15,-0.013126592
2012-10-16,-0.002722632
2012-10-17,0.002445683
2012-10-18,-0.00141844
2012-10-19,-0.006079545
2012-10-22,-0.006716973
2012-10-23,-0.003107824
2012-10-24,-0.00502266
2012-10-25,0.000899359
2012-10-26,-0.007275362
2012-10-29,0.005664399
2012-10-30,-0.000406469
2012-10-31,-0.001016585
2012-11-01,0.005088097
2012-11-02,-0.005496254
2012-11-05,-0.016376276
2012-11-06,0.003726047
2012-11-07,0.02286253
2012-11-08,-0.004867792
2012-11-09,0.008191265
2012-11-12,-0.000229674
2012-11-13,-0.00640363
2012-11-14,0.000809225
2012-11-15,-0.001530509
2012-11-16,-0.004772096
2012-11-19,0.006044579
2012-11-20,0.004275109
2012-11-21,-0.005953922
2012-11-22,0.003472222
2012-11-23,-8.65052E-05
2012-11-26,0.009718257
2012-11-27,-0.00045696
2012-11-28,-0.006457512
2012-11-29,-0.009634188
2012-11-30,0.004791358
2012-12-03,-0.005144211
2012-12-04,-0.008627702
2012-12-05,0.000673953
2012-12-06,-0.007349927
2012-12-07,0.007109354
2012-12-10,0.003573521
2012-12-11,0.003502423
2012-12-12,0.001832354
2012-12-13,-0.008622442
2012-12-14,0.000761392
2012-12-17,-0.006554691
2012-12-18,0.00736377
2012-12-19,-0.014736842
2012-12-20,-0.003917379
2012-12-21,-0.014956501
2012-12-24,0.010253463
2012-12-25,-0.001826293
2012-12-26,-0.000389922
2012-12-27,-0.000570108
2012-12-28,-0.000720548
2012-12-31,0.004987381
2013-01-04,-0.009058296
2013-01-07,0.006124234
2013-01-08,-0.005757121
2013-01-09,0.007238072
2013-01-10,-0.000838374
2013-01-11,0.006682649
2013-01-14,-2.97681E-05
2013-01-15,0.004673732
2013-01-16,0.000622241
2013-01-17,-0.000888362
2013-01-18,0.005364552
2013-01-21,0.000412724
2013-01-22,0.001414469
2013-01-23,-8.82794E-05
2013-01-24,-0.007092407
2013-01-25,-0.003586354
2013-01-28,-0.004640371
2013-01-29,0.00212181
2013-01-30,0.001998032
2013-01-31,0.002380952
2013-02-01,-0.005225653
2013-02-04,0.005074021
2013-02-05,0.001069074
2013-02-06,0.000177989
2013-02-07,0.000415233
2013-02-08,-0.001630596
2013-02-18,-0.028210839
2013-02-19,-0.001405653
2013-02-20,-0.002417455
2013-02-21,-0.021349693
2013-02-22,0.01391675
2013-02-25,0.000216397
2013-02-26,0.001359913
2013-02-27,0.008395321
2013-02-28,-0.008325426
2013-03-01,-0.010154634
2013-03-04,-0.001559089
2013-03-05,0.001124297
2013-03-06,-0.004772897
2013-03-07,-9.4035E-05
2013-03-08,-0.002037618
2013-03-11,0.003612376
2013-03-12,-3.12989E-05
2013-03-13,0.004413284
2013-03-14,-0.004643191
2013-03-15,0.002097617
2013-03-18,0.003467883
2013-03-19,0.001961456
2013-03-20,0.003449133
2013-03-21,-0.002167652
2013-03-22,0.001458585
2013-03-25,-0.001704369
2013-03-26,-0.003414558
2013-03-27,-0.005606603
2013-03-28,0.005826155
2013-03-29,-0.002740494
2013-04-01,-0.001124192
2013-04-02,0.000969144
2013-04-03,-0.018833156
2013-04-08,0.00808531
2013-04-09,-0.004073384
2013-04-10,0.005041218
2013-04-11,-0.016151929
2013-04-12,-0.000160323
2013-04-15,-0.070296966
2013-04-16,-0.052224905
2013-04-17,0.0063328
2013-04-18,-0.002133816
2013-04-19,0.034757711
2013-04-22,0.010472855
2013-04-23,-0.015875767
2013-04-24,0.024233032
2013-04-25,0.008287768
2013-04-26,0.011255116
2013-05-02,-0.006475548
2013-05-03,0.007536153
2013-05-06,0.009433962
2013-05-07,-0.018691589
2013-05-08,0.001768707
2013-05-09,0.007707456
2013-05-10,-0.002089019
2013-05-13,-0.008542391
2013-05-14,-0.006129955
2013-05-15,-0.021381579
2013-05-16,-0.016316527
2013-05-17,-0.010607247
2013-05-20,-0.005468413
2013-05-21,0.022428013
2013-05-22,-0.003821115
2013-05-23,-0.012643841
2013-05-24,0.004316547
2013-05-27,0.005909742
2013-05-28,-0.006088659
2013-05-29,-0.004227269
2013-05-30,0.010397179
2013-05-31,0.002314403
2013-06-03,-0.013712256
2013-06-04,0.006879412
2013-06-05,-0.003756036
2013-06-06,-0.003590664
2013-06-07,0.012936937
2013-06-13,-0.011028496
2013-06-14,-0.002302241
2013-06-17,-0.000793222
2013-06-18,-0.005376538
2013-06-19,-0.005042809
2013-06-20,-0.028331814
2013-06-21,-0.015048034
2013-06-24,-0.008801006
2013-06-25,-0.004804736
2013-06-26,-0.028272373
2013-06-27,-0.006041576
2013-06-28,-0.026272644
2013-07-01,0.043531828
2013-07-02,0.009838646
2013-07-03,-0.017926734
2013-07-04,0.012896825
2013-07-05,-0.008854065
2013-07-08,-0.007273015
2013-07-09,0.010551463
2013-07-10,-0.004373522
2013-07-11,0.026435553
2013-07-12,-0.006862783
2013-07-15,0.008191312
2013-07-16,-0.002310358
2013-07-17,0.000385951
2013-07-18,-0.010725309
2013-07-19,0.01158256
2013-07-22,0.020047033
2013-07-23,0.009750935
2013-07-24,0.005838979
2013-07-25,-0.014252223
2013-07-26,0.006040015
2013-07-29,-0.008217636
2013-07-30,-0.000794522
2013-07-31,0.006285498
2013-08-01,-0.005155027
2013-08-02,-0.023147623
2013-08-05,0.020250126
2013-08-06,-0.01370019
2013-08-07,-0.010696833
2013-08-08,0.007428727
2013-08-09,0.012277044
2013-08-12,0.017391304
2013-08-13,0.004498426
2013-08-14,-0.0119794
2013-08-15,0.009367328
2013-08-16,0.017438162
2013-08-19,0.006252529
2013-08-20,-0.010709456
2013-08-21,0.005800635
2013-08-22,-0.00161628
2013-08-23,0.005151036
2013-08-26,0.016472052
2013-08-27,0.002268717
2013-08-28,0.014192297
2013-08-29,-0.008041946
2013-08-30,-0.008571429
2013-09-02,-0.002161383
2013-09-03,-0.002202166
2013-09-04,0.010094432
2013-09-05,-0.012608353
2013-09-06,-0.008633824
2013-09-09,0.010538642
2013-09-10,-0.008545771
2013-09-11,-0.005186267
2013-09-12,-0.015750055
2013-09-13,-0.019806781
2013-09-16,0.003729355
2013-09-17,-0.006672733
2013-09-18,-0.011374046
2013-09-23,0.016871284
2013-09-24,-0.003568852
2013-09-25,-0.000952562
2013-09-26,0.009038902
2013-09-27,-0.003741921
2013-09-30,0.007853403
2013-10-08,-0.009222661
2013-10-09,-0.004179331
2013-10-10,-0.008775277
2013-10-11,-0.007813703
2013-10-14,-0.009776157
2013-10-15,-0.007404505
2013-10-16,0.006512472
2013-10-17,-0.003882201
2013-10-18,0.024053224
2013-10-21,0.002421866
2013-10-22,-0.004832029
2013-10-23,0.011522158
2013-10-24,0.00068574
2013-10-25,0.000723341
2013-10-28,0.004831469
2013-10-29,0.000265021
2013-10-30,-0.001059803
2013-10-31,-0.006327675
2013-11-01,-0.005948522
2013-11-04,-0.00874602
2013-11-05,0.001315739
2013-11-06,-0.00247343
2013-11-07,0.003486885
2013-11-08,-0.005752674
2013-11-11,-0.016425909
2013-11-12,-0.005250898
2013-11-13,-0.003889506
2013-11-14,0.00804845
2013-11-15,0
2013-11-18,0.000237154
2013-11-19,-0.008535525
2013-11-20,0.001235552
2013-11-21,-0.020062896
2013-11-22,-0.002031117
2013-11-25,-0.009565678
2013-11-26,0.016439257
2013-11-27,-0.005620249
2013-11-28,-0.005408043
2013-11-29,0.000449714
2013-12-02,0.004454252
2013-12-03,-0.014727421
2013-12-04,-0.005326617
2013-12-05,0.010876334
2013-12-06,-4.10661E-05
2013-12-09,0.00201232
2013-12-10,0.003975573
2013-12-11,0.007144024
2013-12-12,-0.002877873
2013-12-13,-0.015934959
2013-12-16,0.00276768
2013-12-17,0.011534501
2013-12-18,-0.010140501
2013-12-19,-0.008475274
2013-12-20,-0.019211618
2013-12-23,0.010153573
2013-12-24,-0.00481635
2013-12-25,0.005765508
2013-12-26,0.001255283
2013-12-27,0.005056626
2013-12-30,-0.007193347
2013-12-31,-0.009674582
2014-01-02,0.024697623
2014-01-03,0.006190673
2014-01-06,0.006521739
2014-01-07,0.001630058
2014-01-08,-0.015623093
2014-01-09,-0.000537301
2014-01-10,0.004879663
2014-01-13,0.014403292
2014-01-14,-0.000649087
2014-01-15,-0.008849558
2014-01-16,0.001351573
2014-01-17,0.003722034
2014-01-20,0.005786471
2014-01-21,-0.004132566
2014-01-22,-0.007851912
2014-01-23,-0.002460327
2014-01-24,0.014880585
2014-01-27,0.003604844
2014-01-28,-0.007587376
2014-01-29,0.000162668
2014-01-30,0.001748394
2014-02-07,0.007793157
2014-02-10,0.008457852
2014-02-11,0.004393147
2014-02-12,0.002266492
2014-02-13,0.000158692
2014-02-14,0.018207061
2014-02-17,0.012310569
2014-02-18,-0.007081008
2014-02-19,0.000891438
2014-02-20,-0.002904275
2014-02-21,0.006990563
2014-02-24,0.00466659
2014-02-25,0.007255278
2014-02-26,0.010785472
2014-02-27,-0.014101501
2014-02-28,0.00478048
2014-03-03,0.013207475
2014-03-04,-0.008264463
2014-03-05,-0.003484848
2014-03-06,-0.000342101
2014-03-07,0.008669531
2014-03-10,-0.010329099
2014-03-11,0.007541995
2014-03-12,0.01103928
2014-03-13,0.00871256
2014-03-14,-0.00048191
2014-03-17,0.013574157
2014-03-18,-0.015331699
2014-03-19,-0.003344482
2014-03-20,-0.010253542
2014-03-21,-0.000715766
2014-03-24,-0.005164744
2014-03-25,-0.010193641
2014-03-26,0.003062787
2014-03-27,-0.009503817
2014-03-28,-0.00389195
2014-03-31,-0.00270793
2014-04-01,-0.005469356
2014-04-02,-0.000546043
2014-04-03,0.003160976
2014-04-04,0.002256283
2014-04-08,0.013041453
2014-04-09,0.00045977
2014-04-10,0.007199755
2014-04-11,-0.001368821
2014-04-14,0.00841456
2014-04-15,-0.010081178
2014-04-16,-0.008009764
2014-04-17,-0.002999077
2014-04-18,0.000115696
2014-04-21,-0.006439671
2014-04-22,0.003454164
2014-04-23,-0.002591375
2014-04-24,-0.000697999
2014-04-25,0.007993791
2014-04-28,0.008199877
2014-04-29,-0.006873115
2014-04-30,0.00065362
2014-05-05,0.009913164
2014-05-06,0.000532643
2014-05-07,-0.000684463
2014-05-08,-0.014269406
2014-05-09,0.000424628
2014-05-12,-0.000231517
2014-05-13,0.00150521
2014-05-14,0.00308297
2014-05-15,0.002727727
2014-05-16,-0.005019157
2014-05-19,0.00392776
2014-05-20,-0.003490468
2014-05-21,0.000192456
2014-05-22,0.000962094
2014-05-23,-0.000346021
2014-05-26,-0.001730703
2014-05-27,-0.004892896
2014-05-28,-0.013124782
2014-05-29,-0.011102393
2014-05-30,0.002896021
2014-06-03,-0.007515823
2014-06-04,0.000398565
2014-06-05,-0.002390438
2014-06-06,0.009384984
2014-06-09,-0.002057369
2014-06-10,-0.00249772
2014-06-11,0.003418124
2014-06-12,-0.001822071
2014-06-13,0.009325397
2014-06-16,0.00959308
2014-06-17,-0.011838467
2014-06-18,0.002482759
2014-06-19,0.006289803
2014-06-20,0.02547074
2014-06-23,0.004495238
2014-06-24,-0.000265473
2014-06-25,-0.002693373
2014-06-26,-0.000456447
2014-06-27,0.001179694
2014-06-30,-0.004675206
2014-07-01,0.008134117
2014-07-02,0.002007652
2014-07-03,-0.00306215
2014-07-04,0.00083425
2014-07-07,-0.00844921
2014-07-08,0.00496752
2014-07-09,0.002889734
2014-07-10,0.003905065
2014-07-11,0.007930813
2014-07-14,-0.013601109
2014-07-15,-0.005811745
2014-07-16,-0.009704657
2014-07-17,0.004861299
2014-07-18,0.004760991
2014-07-21,0.003477397
2014-07-22,-0.00575019
2014-07-23,0.000306408
2014-07-24,-0.008883103
2014-07-25,-0.003863241
2014-07-28,0.007368625
2014-07-29,0.000384986
2014-07-30,-0.005580142
2014-07-31,-0.002360681
2014-08-01,-0.008301331
2014-08-04,0.007744964
2014-08-05,-0.003182859
2014-08-06,-0.001401815
2014-08-07,0.008812634
2014-08-08,0.009238143
2014-08-11,-0.006625814
2014-08-12,0.002428962
2014-08-13,-0.0015
2014-08-14,0.003004507
2014-08-15,-0.000960098
2014-08-18,-0.010148382
2014-08-19,-0.001941748
2014-08-20,-0.00233463
2014-08-21,-0.009945398
2014-08-22,0.00023636
2014-08-25,-0.002402426
2014-08-26,0.009751283
2014-08-27,-0.003206005
2014-08-28,0.000784468
2014-08-29,-0.000431119
2014-09-01,0.000392095
2014-09-02,-0.009014659
2014-09-03,-0.006288562
2014-09-04,-0.001353234
2014-09-05,-0.002630425
2014-09-09,-0.008271728
2014-09-10,0.001128213
2014-09-11,-0.005111487
2014-09-12,-0.008010033
2014-09-15,-0.001672036
2014-09-16,0.00245098
2014-09-17,-0.000325998
2014-09-18,-0.012188162
2014-09-19,-0.001320513
2014-09-22,-0.012313541
2014-09-23,0.007823286
2014-09-24,0.00664176
2014-09-25,-0.013319588
2014-09-26,0.014586033
2014-09-29,-0.007373538
2014-09-30,0.001120471
2014-10-08,8.2905E-05
2014-10-09,0.005512725
2014-10-10,-0.003462632
2014-10-13,0.007817994
2014-10-14,-0.000246265
2014-10-15,-0.005993924
2014-10-16,0.00945812
2014-10-17,0.001963913
2014-10-20,-0.000408347
2014-10-21,0.008987295
2014-10-22,-0.006477995
2014-10-23,-0.002200579
2014-10-24,-0.009924444
2014-10-27,-0.000825014
2014-10-28,-0.001651391
2014-10-29,4.13531E-05
2014-10-30,-0.018277302
2014-10-31,-0.029358494
2014-11-03,0.002126367
2014-11-04,-0.006192353
2014-11-05,-0.015686275
2014-11-06,-0.002301903
2014-11-07,-0.000354956
2014-11-10,0.024012428
2014-11-11,-0.012656582
2014-11-12,0.011414022
2014-11-13,-0.006510699
2014-11-14,-0.007383459
2014-11-17,0.03243838
2014-11-18,-0.00072473
2014-11-19,0.003412969
2014-11-20,-0.005952381
2014-11-21,0.006886228
2014-11-24,0.00739136
2014-11-25,-0.000632511
2014-11-26,0.00164557
2014-11-27,-0.004086103
2014-11-28,-0.00389138
2014-12-01,-0.028280255
2014-12-02,0.043786051
2014-12-03,-0.005065729
2014-12-04,0.001472754
2014-12-05,0.004201681
2014-12-08,-0.008410042
2014-12-09,0.014304401
2014-12-10,0.024003661
2014-12-11,-0.012106439
2014-12-12,-0.001110334
2014-12-15,0.000823384
2014-12-16,-0.016495269
2014-12-17,0.00087833
2014-12-18,0.004387798
2014-12-19,0.002413147
2014-12-22,-0.002822397
2014-12-23,-0.013735692
2014-12-24,-0.001603714
2014-12-25,0.000507249
2014-12-26,0.006379653
2014-12-29,0.007388749
2014-12-30,-0.010585098
2014-12-31,0.013351866
2015-01-05,4.15645E-05
2015-01-06,0.007896924
2015-01-07,0.002639175
2015-01-08,-0.001604014
2015-01-09,0.000700309
2015-01-12,0.011855755
2015-01-13,0.00642799
2015-01-14,0.001293556
2015-01-15,-0.010859911
2015-01-16,0.028529448
2015-01-19,0.015079365
2015-01-20,0.000742768
2015-01-21,0.016797531
2015-01-22,-0.011564025
2015-01-23,0.009794776
2015-01-26,0.003849115
2015-01-27,-0.009240798
2015-01-28,0.002979991
2015-01-29,-0.006405309
2015-01-30,-0.016737864
2015-02-02,0.018760615
2015-02-03,0.001240599
2015-02-04,-0.013784558
2015-02-05,0.002198665
2015-02-06,-0.001292799
2015-02-09,-0.02035853
2015-02-10,0.002162249
2015-02-11,-0.005593735
2015-02-12,-0.011973642
2015-02-13,0.006913379
2015-02-16,0.004038772
2015-02-17,-0.005510861
2015-02-25,-0.010961453
2015-02-26,0.000286275
2015-02-27,0.000981234
2015-03-02,0.010456235
2015-03-03,-0.009660859
2015-03-04,-0.003346939
2015-03-05,-0.004832501
2015-03-06,-0.002839506
2015-03-09,-0.020263299
2015-03-10,-0.008213985
2015-03-11,-0.000637078
2015-03-12,0.002082448
2015-03-13,-0.004877221
2015-03-16,0.000894988
2015-03-17,-0.007877369
2015-03-18,-0.008583691
2015-03-19,0.015108225
2015-03-20,4.26457E-05
2015-03-23,0.009296375
2015-03-24,0.00443637
2015-03-25,0.001934968
2015-03-26,0.011965238
2015-03-27,-0.002240292
2015-03-30,-0.007318087
2015-03-31,-0.013361816
2015-04-01,0.004839737
2015-04-02,0.015252017
2015-04-03,-0.003745318
2015-04-07,0.00839599
2015-04-08,0.002029742
2015-04-09,-0.014055395
2015-04-10,0.00163522
2015-04-13,0.010255766
2015-04-14,-0.009322947
2015-04-15,-0.003178719
2015-04-16,0.00826585
2015-04-17,-0.001248439
2015-04-20,0.007458333
2015-04-21,-0.013317341
2015-04-22,0.005994048
2015-04-23,-0.012541667
2015-04-24,0.007637453
2015-04-27,-0.008375209
2015-04-28,0.015625
2015-04-29,0.004116424
2015-04-30,-0.006459895
2015-05-04,-0.012336932
2015-05-05,0.003207157
2015-05-06,0.004416775
2015-05-07,-0.007915236
2015-05-08,0.00320824
2015-05-11,-0.002019777
2015-05-12,-0.001138424
2015-05-13,0.008780076
2015-05-14,0.016110135
2015-05-15,0.003006218
2015-05-18,0.007431434
2015-05-19,-0.00741737
2015-05-20,-0.009772121
2015-05-21,0.002570801
2015-05-22,-0.000206791
2015-05-25,-0.005129478
2015-05-26,-0.005571726
2015-05-27,-0.006313765
2015-05-28,-0.001683147
2015-05-29,0.001433087
2015-06-01,-0.003367145
2015-06-02,0.002576122
2015-06-03,0.000505476
2015-06-04,-0.006652071
2015-06-05,-0.003984064
2015-06-08,-0.001276596
2015-06-09,0.002045164
2015-06-10,0.007100944
2015-06-11,-0.001519949
2015-06-12,-0.000338281
2015-06-15,0.001226682
2015-06-16,0.002534854
2015-06-17,-0.007163928
2015-06-18,0.008064516
2015-06-19,0.008
2015-06-23,-0.008688388
2015-06-24,-0.00977583
2015-06-25,0.000425532
2015-06-26,-0.000510421
2015-06-29,0.002468295
2015-06-30,-0.002632026
2015-07-01,-0.002383587
2015-07-02,-0.00703985
2015-07-03,0.004468698
2015-07-06,-0.000342217
2015-07-07,0.000855835
2015-07-08,-0.020351447
2015-07-09,0.015318815
2015-07-10,0.000558803
2015-07-13,-0.005885638
2015-07-14,-0.002592913
2015-07-15,0.00212305
2015-07-16,-0.007306844
2015-07-17,-0.001785714
2015-07-20,-0.024739299
2015-07-21,-0.008142448
2015-07-22,-0.01262968
2015-07-23,0.002969392
2015-07-24,-0.01074926
2015-07-27,0.019291864
2015-07-28,-0.008356672
2015-07-29,0.000136656
2015-07-30,-0.009336856
2015-07-31,-0.002942393
2015-08-03,0.011204869
2015-08-04,-0.005289558
2015-08-05,-0.002429632
2015-08-06,-9.19075E-05
2015-08-07,0.005101337
2015-08-10,0.005715592
2015-08-11,0.022914299
2015-08-12,0.032223654
2015-08-13,-0.005339304
2015-08-14,-0.001731602
2015-08-17,0.000433651
2015-08-18,0.001473775
2015-08-19,0.003246191
2015-08-20,0.012554467
2015-08-21,0.014145718
2015-08-24,0.006554071
2015-08-25,-0.00717923
2015-08-26,-0.00874464
2015-08-27,-0.011069641
2015-08-28,0.000128661
2015-08-31,0.002358491
2015-09-01,0.003636364
2015-09-02,0.001278772
2015-09-07,-0.01660281
2015-09-08,-0.001818182
2015-09-09,0.002255183
2015-09-10,-0.013024665
2015-09-11,0.001139901
2015-09-14,-0.001576527
2015-09-15,-0.000219308
2015-09-16,0.00035097
2015-09-17,0.010613104
2015-09-18,0.006596077
2015-09-21,0.00879462
2015-09-22,-0.002564103
2015-09-23,-0.003813196
2015-09-24,0.005720184
2015-09-25,0.005987
2015-09-28,-0.006546506
2015-09-29,-0.013436029
2015-09-30,-0.000260236
2015-10-08,0.019522777
2015-10-09,-0.000978723
2015-10-12,0.010350556
2015-10-13,-0.003794266
2015-10-14,0.014980956
2015-10-15,0.006504336
2015-10-16,-0.003479702
2015-10-19,-0.004406385
2015-10-20,0.002505219
2015-10-21,0.000874636
2015-10-22,-0.005326453
2015-10-23,0.00610802
2015-10-26,-0.009106408
2015-10-27,0.000629459
2015-10-28,0.006500315
2015-10-29,-0.01125
2015-10-30,-0.014285714
2015-11-02,-0.002607841
2015-11-03,-0.005015002
2015-11-04,-0.014603886
2015-11-05,-0.007563172
2015-11-06,0.001321528
2015-11-09,-0.012845893
2015-11-10,-0.000668479
2015-11-11,0.001025687
2015-11-12,-0.004766784
2015-11-13,-0.000223814
2015-11-16,0.009626147
2015-11-17,-0.01481153
2015-11-18,-0.005581563
2015-11-19,0.003032772
2015-11-20,0.006814387
2015-11-23,-0.01017481
2015-11-24,0.002762306
2015-11-25,0.006322254
2015-11-26,-0.004442649
2015-11-27,-0.004823079
2015-11-30,-0.012501132
2015-12-01,0.016145308
2015-12-02,-0.004513858
2015-12-03,-0.010701007
2015-12-04,0.008158401
2015-12-07,0.022867794
2015-12-08,-0.000444464
2015-12-09,-0.007159056
2015-12-10,-0.002149767
2015-12-11,0.000987433
2015-12-14,0.004663259
2015-12-15,-0.010756047
2015-12-16,0.002932551
2015-12-17,0.003733693
2015-12-18,-0.007753328
2015-12-21,0.011472448
2015-12-22,0.005581852
2015-12-23,-0.00262001
2015-12-24,0.000578807
2015-12-25,0.001824412
2015-12-28,-0.000888336
2015-12-29,-0.000978039
2015-12-30,-0.001201495
2015-12-31,-0.007083983
2016-01-04,0.008570403
2016-01-05,0.008364106
2016-01-06,0.006353408
2016-01-07,0.022578807
2016-01-08,0.001286229
2016-01-11,0.005780594
2016-01-12,-0.010132402
2016-01-13,-0.013934885
2016-01-14,0.009333973
2016-01-15,-0.003932414
2016-01-18,0.005206074
2016-01-19,-0.00172637
2016-01-20,0.00432339
2016-01-21,0.008049935
2016-01-22,-0.007131571
2016-01-25,0.00511828
2016-01-26,0.014164064
2016-01-27,0.000379747
2016-01-28,-0.001265342
2016-01-29,-0.001309177
2016-02-01,0.006808187
2016-02-02,0.001722038
2016-02-03,0
2016-02-04,0.013836478
2016-02-05,0.008850289
2016-02-15,0.040009838
2016-02-16,-0.009105242
2016-02-17,0.010382275
2016-02-18,-0.003740157
2016-02-19,0.014226437
2016-02-22,-0.006974479
2016-02-23,0.005061602
2016-02-24,0.003240289
2016-02-25,0.01299712
2016-02-26,0.000345728
2016-02-29,-0.005952152
2016-03-01,0.008730588
2016-03-02,-0.009420956
2016-03-03,0.010863682
2016-03-04,0.012506215
2016-03-07,0.000982096
2016-03-08,0.004867925
2016-03-09,-0.009538473
2016-03-10,-0.008796209
2016-03-11,0.01354091
2016-03-14,-0.010906895
2016-03-15,-0.016750611
2016-03-16,0.005432884
2016-03-17,0.018410591
2016-03-18,-0.005305844
2016-03-21,-0.010477787
2016-03-22,0.009202572
2016-03-23,-0.01468905
2016-03-24,-0.012584705
2016-03-25,0.004117647
2016-03-28,-0.001054482
2016-03-29,-0.002971303
2016-03-30,0.014351816
2016-03-31,-0.011520025
2016-04-01,0.005084083
2016-04-05,-0.006031128
2016-04-06,0.002113917
2016-04-07,-0.001367241
2016-04-08,0.006493506
2016-04-11,0.014263506
2016-04-12,0.001264513
2016-04-13,-0.005740528
2016-04-14,-0.006966898
2016-04-15,-0.004031164
2016-04-18,0.005176104
2016-04-19,0.006272263
2016-04-20,0.000384763
2016-04-21,0.010538462
2016-04-22,-0.008753901
2016-04-25,-0.005298725
2016-04-26,-0.002547672
2016-04-27,0.00878483
2016-04-28,0.003184103
2016-04-29,0.018432122
2016-05-03,0.016408831
2016-05-04,-0.008644575
2016-05-05,-0.002794857
2016-05-06,0.00235426
2016-05-09,-0.000484659
2016-05-10,-0.007832898
2016-05-11,0.00387218
2016-05-12,-0.002359285
2016-05-13,0.004091592
2016-05-16,0.006953531
2016-05-17,-0.005420457
2016-05-18,0.000149315
2016-05-19,-0.012801851
2016-05-20,3.78072E-05
2016-05-23,-0.00151223
2016-05-24,-0.00628526
2016-05-25,-0.015240998
2016-05-26,0.005416908
2016-05-27,-0.007004041
2016-05-30,-0.010580165
2016-05-31,0.006267137
2016-06-01,0.005449591
2016-06-02,-0.00123887
2016-06-03,-0.002248236
2016-06-06,0.01977467
2016-06-07,0.001561964
2016-06-08,0.008368201
2016-06-13,0.025084874
2016-06-14,-0.000919963
2016-06-15,0.004714549
2016-06-16,0.017889875
2016-06-17,-0.017863574
2016-06-20,-0.002566923
2016-06-21,-0.001323529
2016-06-22,-0.011338536
2016-06-23,0.001266011
2016-06-24,0.046634437
2016-06-27,0.004974417
2016-06-28,-0.004136614
2016-06-29,0.004721838
2016-06-30,-0.005300353
2016-07-01,0.015595027
2016-07-04,0.013921438
2016-07-05,-0.004105289
2016-07-06,0.017805182
2016-07-07,0.001463481
2016-07-08,-0.008903993
2016-07-11,0.004697733
2016-07-12,-0.002047782
2016-07-13,-0.010191518
2016-07-14,-0.006979476
2016-07-15,-0.00125261
2016-07-18,-0.002612876
2016-07-19,0.002549862
2016-07-20,-0.004076371
2016-07-21,-0.008780829
2016-07-22,0.005858686
2016-07-25,-0.006070175
2016-07-26,0.002471141
2016-07-27,-0.00119731
2016-07-28,0.014384938
2016-07-29,-0.006534358
2016-08-01,0.008186684
2016-08-02,0.006697436
2016-08-03,0.006204757
2016-08-04,-0.009763618
2016-08-05,0.010621
2016-08-08,-0.019512529
2016-08-09,0.009007751
2016-08-10,0.002041522
2016-08-11,-0.006043026
2016-08-12,-0.003613118
2016-08-15,0.001917713
2016-08-16,0.002192448
2016-08-17,-0.004132231
2016-08-18,0.007252694
2016-08-19,-0.002319382
2016-08-22,-0.006419153
2016-08-23,0.001641348
2016-08-24,-0.000418381
2016-08-25,-0.006313219
2016-08-26,0
2016-08-29,-0.004879076
2016-08-30,0.001728395
2016-08-31,-0.002817001
2016-09-01,-0.006003037
2016-09-02,0.003445948
2016-09-05,0.010160731
2016-09-06,0.003399572
2016-09-07,0.010723018
2016-09-08,-0.000587483
2016-09-09,-0.005186722
2016-09-12,-0.004553354
2016-09-13,-0.000838018
2016-09-14,-0.004193605
2016-09-19,-0.004035796
2016-09-20,-0.001057082
2016-09-21,0.003174603
2016-09-22,0.008614627
2016-09-23,-0.000174307
2016-09-26,0.00111576
2016-09-27,0.00128866
2016-09-28,-0.008974225
2016-09-29,-0.001298656
2016-09-30,0.001440922
2016-10-10,-0.040814178
2016-10-11,0.000109761
2016-10-12,-0.002560819
2016-10-13,0.002053915
2016-10-14,-0.001500677
2016-10-17,0.000953079
2016-10-18,0.0069948
2016-10-19,-0.001309234
2016-10-20,0.005061724
2016-10-21,-0.001666667
2016-10-24,0.00489947
2016-10-25,0.001516848
2016-10-26,0.005264866
2016-10-27,-0.003910033
2016-10-28,-0.000468165
2016-10-31,0.004972077
2016-11-01,0.004230452
2016-11-02,0.008782264
2016-11-03,0.004105177
2016-11-04,-0.002784337
2016-11-07,-0.005513536
2016-11-08,-0.002416661
2016-11-09,0.027360171
2016-11-10,-0.020042999
2016-11-11,-0.014614296
2016-11-14,-0.023270011
2016-11-15,0.00625023
2016-11-16,-0.001571121
2016-11-17,0.000695308
2016-11-18,-0.010056683
2016-11-21,0.007757665
2016-11-22,-0.001429619
2016-11-23,0.002165853
2016-11-24,-0.00952381
2016-11-25,-0.003846154
2016-11-28,0.00456638
2016-11-29,-0.007021693
2016-11-30,-0.002902974
2016-12-01,-0.008846254
2016-12-02,-0.000753182
2016-12-05,-0.001281375
2016-12-06,-0.001169811
2016-12-07,0.002871283
2016-12-08,0.011452251
2016-12-09,-0.007449067
2016-12-12,-0.005591204
2016-12-13,0.001283019
2016-12-14,0.002223562
2016-12-15,-0.011017937
2016-12-16,-0.00338403
2016-12-19,0.002479875
2016-12-20,-0.002664028
2016-12-21,-0.004159353
2016-12-22,-0.003716902
2016-12-23,0.000269231
2016-12-26,0.005114008
2016-12-27,0.0010329
2016-12-28,0.000917186
2016-12-29,0.004123554
2016-12-30,0.003460208
2017-01-03,-0.000947329
2017-01-04,0.004627347
2017-01-05,-0.000528561
2017-01-06,0.002115363
2017-01-09,0.002261676
2017-01-10,0.008349317
2017-01-11,0.003655216
2017-01-12,0.000891895
2017-01-13,-0.002004975
2017-01-16,0.006361844
2017-01-17,0.006210721
2017-01-18,-0.004225145
2017-01-19,-0.011068885
2017-01-20,0.003805544
2017-01-23,0.004571641
2017-01-24,-0.001590943
2017-01-25,-0.006596257
2017-01-26,-0.006789271
2017-02-03,0.011455399
2017-02-06,0.009246194
2017-02-07,0.008719968
2017-02-08,0.000693026
2017-02-09,0.007144159
2017-02-10,-0.01259455
2017-02-13,0.006634168
2017-02-14,-0.002111856
2017-02-15,-0.002408232
2017-02-16,0.005596196
2017-02-17,0.002982577
2017-02-20,-0.000906618
2017-02-21,0.000181488
2017-02-22,0.000181455
2017-02-23,0.002177068
2017-02-24,0.012418537
2017-02-27,0.00346887
2017-02-28,0.004383464
2017-03-01,-0.013589753
2017-03-02,0.001258993
2017-03-03,-0.00761631
2017-03-06,0.001122253
2017-03-07,-0.004230853
2017-03-08,-0.005737735
2017-03-09,-0.005734322
2017-03-10,-0.006649034
2017-03-13,0.009208239
2017-03-14,-0.005862953
2017-03-15,0.000774051
2017-03-16,0.016132003
2017-03-17,-0.000978651
2017-03-20,0.005260866
2017-03-21,-0.004764139
2017-03-22,0.008884859
2017-03-23,3.59454E-05
2017-03-24,-0.001186154
2017-03-27,0.009536491
2017-03-28,-0.001069404
2017-03-29,-0.001748564
2017-03-30,-0.000500465
2017-03-31,-0.006402003
2017-04-05,0.010150823
2017-04-06,-0.001496633
2017-04-07,0.009707005
2017-04-10,-0.005443042
2017-04-11,0.001599204
2017-04-12,0.009118649
2017-04-13,0.008016596
2017-04-14,-0.000313928
2017-04-17,0.001046755
2017-04-18,-0.002683862
2017-04-19,-0.001328068
2017-04-20,-0.000909886
2017-04-21,-0.000455357
2017-04-24,-0.006272778
2017-04-25,-0.000952146
2017-04-26,-0.004412284
2017-04-27,0.001914554
2017-04-28,0.003043278
2017-05-02,-0.008855177
2017-05-03,-0.002028903
2017-05-04,-0.01490887
2017-05-05,-0.001158623
2017-05-08,-0.001341211
2017-05-09,-0.001088929
2017-05-10,-0.004760174
2017-05-11,0.001350907
2017-05-12,0.004557719
2017-05-15,0.002831113
2017-05-16,0.001483948
2017-05-17,0.00328876
2017-05-18,0.007960808
2017-05-19,-0.002001287
2017-05-22,0.00264986
2017-05-23,0.005
2017-05-24,-0.010305615
2017-05-25,0.00448833
2017-05-26,0.002144772
2017-05-31,-0.004815409
2017-06-01,-3.58423E-05
2017-06-02,-0.002975017
2017-06-05,0.013337647
2017-06-06,0.004718487
2017-06-07,0.00194209
2017-06-08,-0.003700441
2017-06-09,-0.01054121
2017-06-12,-0.003110253
2017-06-13,-0.001793079
2017-06-14,0.003412969
2017-06-15,-0.006552095
2017-06-16,-0.002054276
2017-06-19,-0.002347418
2017-06-20,-0.000868778
2017-06-21,-0.000797073
2017-06-22,0.006091591
2017-06-23,0.001117238
2017-06-26,0.000431997
2017-06-27,-0.004821878
2017-06-28,-0.002241828
2017-06-29,-0.003297818
2017-06-30,-0.007017416
2017-07-03,-0.004613695
2017-07-04,-0.005370806
2017-07-05,-0.001331459
2017-07-06,0.001592475
,
,
